shot_id_number,is_goal
1,0.675
8,0.365
17,0.491666667
20,0.635
22,0.885
33,0.444583333
34,0.175
35,0.6075
36,0.535
37,0.775
38,0.51
45,0.564083333
50,0.49
55,0.14
60,0.365
62,0.544166667
66,0.535
67,0.49
71,0.425
72,0.34
76,0.641666667
80,0.305
85,0.255
86,0.37
87,0.62
92,0.355
95,0.47
97,0.11
104,0.3
113,0.66
122,0.44
123,0.455
126,0.54
133,0.395
134,0.415
141,0.39
144,0.845
150,0.38
152,0.19
153,0.38
156,0.44
159,0.41
165,0.35
172,0.615
182,0.505
192,0.375
193,0.491666667
196,0.247916667
202,0.19
205,0.52
210,0.185
211,0.435
228,0.395
250,0.395
257,0.345
260,0.31
262,0.295
264,0.205
267,0.415
279,0.491666667
282,0.295
293,0.38
299,0.58
300,0.335
301,0.408333333
317,0.45
327,0.567083333
328,0.46
335,0.395
346,0.465
348,0.47
360,0.255
365,0.165
379,0.52
382,0.285
390,0.395
391,0.505
392,0.315
397,0.37625
417,0.244583333
418,0.27
420,0.52
428,0.3
429,0.35
434,0.245
439,0.395
440,0.427916667
451,0.32
456,0.54
459,0.325
472,0.24
480,0.405
491,0.445
497,0.485
509,0.455
511,0.325
523,0.535
533,0.6
544,0.57
546,0.605
552,0.255
555,0.505
558,0.105
560,0.415
568,0.8
571,0.395
573,0.34
576,0.491666667
578,0.566666667
591,0.26
596,0.5
597,0.53
601,0.35
605,0.225
617,0.575
625,0.39
628,0.64
634,0.35
646,0.535
649,0.78
651,0.26
654,0.405
656,0.45
657,0.665
661,0.45
669,0.493333333
670,0.41
680,0.491666667
693,0.435
694,0.485
699,0.42
711,0.594166667
715,0.1625
718,0.48
722,0.38
723,0.125
725,0.525
734,0.485
735,0.491666667
737,0.395
746,0.26
747,0.5
764,0.425
766,0.225
767,0.49
771,0.42
773,0.28
774,0.435
783,0.485
784,0.355
789,0.375
792,0.225
804,0.38
809,0.59
812,0.735
813,0.455
817,0.425
818,0.2
820,0.56
825,0.415
826,0.3
829,0.765
833,0.18
855,0.52
859,0.491666667
862,0.325
870,0.2375
876,0.33
880,0.495
886,0.5
889,0.4
891,0.395
897,0.505
902,0.42
903,0.17
908,0.46
909,0.485
920,0.3
922,0.544833333
924,0.385
932,0.555
934,0.54
937,0.215
938,0.405
941,0.405
943,0.45
947,0.68
950,0.105
952,0.1425
954,0.435
962,0.505
963,0.43
975,0.705
979,0.385
981,0.46
983,0.14
985,0.395
989,0.41175
995,0.29
998,0.64
1008,0.405
1019,0.491666667
1023,0.425
1026,0.61
1029,0.2
1034,0.16
1036,0.57125
1038,0.140059524
1039,0.548
1044,0.515
1049,0.435
1051,0.38
1052,0.35
1062,0.395
1064,0.265
1066,0.17
1087,0.495
1092,0.26
1094,0.35
1098,0.425
1099,0.39
1102,0.37
1103,0.41
1118,0.52
1131,0.51
1133,0.491666667
1135,0.491666667
1138,0.44
1139,0.44
1141,0.395
1142,0.4
1151,0.53
1152,0.543333333
1155,0.426666667
1157,0.4
1165,0.44
1167,0.425
1172,0.325
1174,0.548333333
1178,0.275
1180,0.44
1200,0.32
1202,0.77
1209,0.436666667
1227,0.39
1228,0.49472619
1229,0.42
1237,0.491666667
1241,0.53
1248,0.395
1256,0.51
1277,0.51
1279,0.35125
1288,0.395
1290,0.315
1293,0.395
1295,0.39
1308,0.405
1315,0.395
1319,0.395
1320,0.745
1321,0.465
1322,0.445
1331,0.27
1334,0.37
1343,0.475
1348,0.235
1349,0.225
1351,0.465
1373,0.605
1375,0.33
1380,0.433
1382,0.525
1385,0.44
1387,0.305
1394,0.325
1399,0.460833333
1403,0.44
1409,0.36
1413,0.405
1425,0.5
1428,0.255
1434,0.115
1444,0.45
1448,0.455
1461,0.625
1466,0.43
1476,0.545
1478,0.66
1485,0.34
1491,0.395
1494,0.36
1495,0.405
1500,0.56
1501,0.292
1503,0.423333333
1507,0.395
1511,0.15
1519,0.44
1524,0.516666667
1528,0.395
1529,0.32
1533,0.505
1538,0.491666667
1539,0.36
1545,0.73
1546,0.395
1550,0.535
1555,0.1
1556,0.385
1558,0.491666667
1559,0.535
1561,0.36
1563,0.365
1565,0.32
1574,0.556666667
1581,0.395
1583,0.29
1591,0.365
1594,0.5475
1605,0.41
1611,0.695
1614,0.215
1617,0.375
1620,0.395
1626,0.39
1628,0.29
1630,0.46
1632,0.2
1634,0.2
1643,0.27
1651,0.615
1654,0.39
1655,0.375
1658,0.595
1659,0.38
1665,0.66
1675,0.355
1680,0.405
1690,0.565
1696,0.31
1714,0.27
1718,0.44
1721,0.45
1726,0.225
1728,0.355
1734,0.48
1735,0.42
1740,0.361666667
1744,0.61
1747,0.395
1752,0.465
1763,0.405
1764,0.4225
1765,0.505
1769,0.43
1770,0.5
1785,0.4275
1787,0.4775
1788,0.68
1793,0.65
1794,0.56
1800,0.435
1812,0.24
1825,0.045
1826,0.491666667
1834,0.3
1843,0.31
1844,0.3325
1848,0.5
1849,0.491666667
1860,0.395
1863,0.395
1875,0.505
1883,0.695
1890,0.325
1892,0.4
1893,0.28
1897,0.26
1905,0.405
1908,0.575
1931,0.344166667
1940,0.395
1943,0.555
1947,0.13
1965,0.35
1967,0.445
1968,0.26
1972,0.44
1982,0.365
1985,0.575
2005,0.265
2010,0.525
2021,0.2
2024,0.29
2027,0.52
2028,0.545
2035,0.49
2036,0.4
2043,0.475
2047,0.25
2049,0.595
2055,0.270333333
2065,0.355
2066,0.62
2070,0.47
2077,0.53
2081,0.71
2085,0.27
2089,0.435
2095,0.5925
2097,0.491666667
2100,0.295
2108,0.395
2112,0.325
2113,0.49
2120,0.535
2121,0.527916667
2122,0.38
2139,0.61
2141,0.3525
2144,0.175
2146,0.42
2148,0.33
2149,0.495
2157,0.205
2158,0.26
2159,0.5
2168,0.57
2176,0.405
2178,0.315
2181,0.515
2184,0.51
2187,0.365
2188,0.406666667
2190,0.39
2193,0.67
2194,0.675
2197,0.269166667
2202,0.44
2204,0.59
2211,0.47
2214,0.365
2215,0.2
2217,0.165
2222,0.3
2223,0.465
2226,0.44
2230,0.395
2233,0.395
2240,0.39
2246,0.075
2247,0.415
2250,0.25
2254,0.215
2257,0.368
2259,0.645
2262,0.58
2263,0.135
2266,0.316
2305,0.683
2310,0.4
2313,0.45
2319,0.43
2320,0.33
2341,0.475
2345,0.415
2350,0.491666667
2356,0.095
2360,0.255
2370,0.555
2374,0.5
2384,0.085
2386,0.25
2397,0.41
2398,0.245
2411,0.513333333
2414,0.491666667
2435,0.5
2439,0.395
2446,0.61
2458,0.31
2465,0.63
2466,0.365
2470,0.253
2490,0.12
2495,0.405
2501,0.415
2507,0.415
2533,0.195
2537,0.455
2538,0.73
2541,0.45
2542,0.44
2544,0.345
2554,0.25
2555,0.29
2565,0.363
2572,0.388
2573,0.925
2575,0.452416667
2586,0.491666667
2588,0.225
2594,0.65
2617,0.405
2618,0.325
2620,0.45
2623,0.491666667
2631,0.44
2640,0.335
2642,0.45
2647,0.37
2663,0.365
2664,0.18
2676,0.465
2680,0.625
2681,0.295
2690,0.425
2691,0.585
2693,0.715
2695,0.44
2704,0.35
2708,0.205
2709,0.525
2717,0.485
2718,0.585
2722,0.5275
2728,0.605
2732,0.42
2743,0.265
2745,0.395
2752,0.5575
2756,0.245
2757,0.705
2761,0.45
2769,0.58
2771,0.395
2773,0.336666667
2774,0.09
2776,0.435
2781,0.18
2793,0.565
2799,0.525
2800,0.34697619
2803,0.485
2811,0.635
2818,0.575
2824,0.577083333
2828,0.66
2829,0.225
2830,0.225
2842,0.405
2847,0.491666667
2848,0.44
2868,0.75
2870,0.4
2885,0.415
2886,0.355
2889,0.565
2902,0.35
2903,0.535
2904,0.565
2918,0.205
2919,0.475
2922,0.615
2923,0.585
2931,0.33
2945,0.175
2946,0.385
2955,0.53
2957,0.561666667
2960,0.561666667
2963,0.43375
2966,0.44
2972,0.305
2973,0.31
2974,0.633416667
2981,0.465
2982,0.554166667
2984,0.39
2998,0.335
3016,0.44
3021,0.589583333
3023,0.405
3025,0.4
3026,0.491666667
3029,0.29
3034,0.395
3037,0.55
3038,0.115
3040,0.175
3051,0.36
3062,0.55
3069,0.38
3071,0.385
3076,0.5
3079,0.52
3081,0.5345
3082,0.45
3084,0.32
3091,0.425
3095,0.45
3098,0.12
3104,0.385
3105,0.56
3108,0.39
3114,0.45
3118,0.365
3122,0.375
3123,0.425
3132,0.39
3138,0.715
3141,0.491666667
3156,0.395
3162,0.505
3167,0.24
3170,0.356666667
3171,0.245
3172,0.54
3176,0.44
3180,0.39
3189,0.475
3193,0.405
3198,0.415
3203,0.65
3205,0.585
3206,0.4275
3215,0.395
3217,0.33
3222,0.365
3228,0.225
3229,0.505
3232,0.475
3233,0.48
3235,0.37
3238,0.28
3256,0.61
3264,0.56
3265,0.38
3273,0.485
3275,0.5175
3285,0.487916667
3289,0.455
3294,0.4
3306,0.195
3311,0.59
3315,0.4195
3318,0.13
3322,0.5335
3324,0.355
3327,0.265
3334,0.395
3341,0.485
3345,0.406
3346,0.54
3352,0.513333333
3368,0.505
3369,0.44
3371,0.2
3372,0.395
3375,0.175
3384,0.455
3386,0.515
3387,0.425
3393,0.73
3406,0.665
3411,0.536333333
3412,0.39
3414,0.31
3417,0.355
3420,0.44
3423,0.395
3436,0.487083333
3437,0.205
3438,0.395
3442,0.225
3443,0.37
3446,0.482
3451,0.51
3461,0.375
3473,0.44
3477,0.545
3489,0.705
3491,0.14
3510,0.455
3515,0.4
3527,0.185
3530,0.45
3533,0.44
3540,0.34
3545,0.554583333
3553,0.325
3569,0.555
3582,0.265
3604,0.405
3605,0.315333333
3609,0.235
3616,0.640416667
3624,0.25
3628,0.395
3630,0.33
3641,0.44
3642,0.42
3648,0.08
3650,0.395
3651,0.255
3652,0.395
3660,0.485
3664,0.64
3670,0.571666667
3672,0.5075
3680,0.44
3682,0.5
3685,0.596666667
3686,0.426666667
3689,0.75
3691,0.39
3696,0.445
3698,0.245
3705,0.425
3712,0.425
3713,0.355
3719,0.395
3721,0.655
3723,0.43
3724,0.275
3725,0.285
3727,0.29
3733,0.68
3734,0.395
3736,0.545
3742,0.375
3761,0.265
3765,0.44
3770,0.831392857
3774,0.643277778
3777,0.395
3778,0.27
3780,0.36
3781,0.6
3783,0.737083333
3784,0.7
3788,0.165
3790,0.49
3794,0.34
3795,0.62
3796,0.29
3801,0.42
3802,0.49
3806,0.455
3808,0.37
3813,0.455
3814,0.59
3818,0.395
3824,0.795
3836,0.42
3853,0.68
3855,0.332333333
3858,0.491666667
3861,0.45
3866,0.325
3869,0.465
3870,0.5925
3874,0.26
3876,0.43
3878,0.5
3884,0.491666667
3890,0.295
3900,0.635
3904,0.465
3906,0.35
3907,0.48
3908,0.21
3912,0.531666667
3913,0.44
3914,0.23
3918,0.395
3923,0.491666667
3924,0.58
3925,0.545
3927,0.345
3955,0.44
3964,0.46
3966,0.61
3969,0.405
3974,0.395
3976,0.44
3984,0.3075
3991,0.3425
3993,0.531666667
4009,0.615
4011,0.676666667
4016,0.295
4020,0.565
4024,0.235
4033,0.255
4035,0.54
4041,0.82
4045,0.45
4052,0.5
4055,0.4
4056,0.173333333
4057,0.14
4067,0.505
4069,0.35
4077,0.475
4079,0.44
4094,0.405
4095,0.23
4096,0.405
4100,0.5325
4119,0.595
4129,0.815
4130,0.705
4131,0.305
4132,0.46
4134,0.46
4135,0.5
4136,0.31
4137,0.46
4138,0.4525
4143,0.235
4145,0.60222619
4148,0.445
4156,0.27
4163,0.49
4166,0.68
4169,0.635
4170,0.545
4174,0.395
4180,0.335
4190,0.59
4195,0.47
4199,0.395
4201,0.65
4203,0.285
4210,0.055
4211,0.3
4213,0.44
4225,0.31
4235,0.52
4236,0.06
4242,0.365
4244,0.41
4245,0.215
4250,0.63
4252,0.715
4254,0.635
4263,0.405
4264,0.525
4268,0.465
4270,0.14
4274,0.345
4282,0.5
4283,0.365
4291,0.27
4304,0.2475
4306,0.450833333
4309,0.89
4310,0.59
4313,0.39
4314,0.26
4315,0.635
4321,0.29
4324,0.35
4325,0.415
4328,0.34
4329,0.145
4332,0.65
4337,0.275
4342,0.54
4344,0.33
4352,0.785
4355,0.32
4361,0.34
4366,0.255
4371,0.425
4372,0.38
4376,0.565
4381,0.265
4384,0.31
4387,0.66
4389,0.35
4390,0.1825
4405,0.491666667
4406,0.485
4407,0.44
4409,0.5475
4410,0.44
4413,0.725
4424,0.545
4428,0.47
4434,0.265
4452,0.47
4458,0.395
4460,0.385
4461,0.5175
4470,0.395
4480,0.205
4496,0.395
4503,0.565
4507,0.21
4512,0.445
4518,0.44
4519,0.175
4522,0.24
4525,0.61
4537,0.375
4546,0.465
4547,0.5
4553,0.635
4556,0.24
4558,0.145
4563,0.233416667
4568,0.255
4574,0.465
4578,0.455
4587,0.51
4592,0.275
4594,0.395
4610,0.555
4615,0.58
4617,0.475
4619,0.43
4620,0.34
4625,0.403333333
4626,0.405
4635,0.3525
4636,0.21
4641,0.46
4647,0.485
4650,0.46
4653,0.491666667
4658,0.625
4660,0.485
4665,0.391666667
4668,0.45
4669,0.45
4670,0.665833333
4674,0.14
4675,0.43
4676,0.395
4679,0.345
4680,0.555
4686,0.45
4690,0.405
4699,0.53
4711,0.69
4713,0.45
4718,0.53
4721,0.54
4722,0.11
4724,0.408333333
4730,0.338
4731,0.29
4733,0.55
4735,0.375
4739,0.32
4743,0.415
4745,0.47
4746,0.19
4747,0.55
4748,0.635
4761,0.175
4762,0.43
4763,0.2875
4769,0.33
4771,0.11
4774,0.27
4784,0.225
4794,0.448440476
4797,0.61
4801,0.79
4804,0.41
4820,0.469333333
4833,0.245
4834,0.215
4851,0.15
4859,0.26
4860,0.405
4863,0.625
4873,0.48
4881,0.43
4892,0.235
4897,0.9
4908,0.395
4911,0.205
4915,0.665
4922,0.33
4929,0.395
4936,0.305
4939,0.38
4948,0.335
4951,0.185
4956,0.46
4961,0.05
4964,0.4175
4981,0.255
4991,0.491666667
4992,0.62
4997,0.595
5004,0.605
5010,0.38
5012,0.54
5015,0.125
5019,0.37
5020,0.735
5021,0.475
5030,0.695
5051,0.405
5052,0.395
5057,0.491666667
5058,0.45
5060,0.565
5061,0.35
5064,0.395
5068,0.325
5072,0.46
5078,0.465
5080,0.41
5081,0.5
5086,0.515
5088,0.34
5089,0.425
5090,0.35
5098,0.37
5103,0.425
5108,0.34
5114,0.53
5115,0.075
5124,0.55
5129,0.515
5137,0.491666667
5139,0.765
5142,0.105
5144,0.675
5149,0.67
5157,0.33
5163,0.576666667
5174,0.103333333
5176,0.395
5179,0.3925
5186,0.525
5195,0.23
5199,0.36
5203,0.56
5204,0.405
5206,0.66
5207,0.4325
5220,0.31
5221,0.6
5224,0.09
5227,0.56
5229,0.305
5232,0.491666667
5240,0.395
5242,0.37
5243,0.73
5245,0.6525
5248,0.44
5249,0.425
5254,0.21
5265,0.1835
5269,0.575
5272,0.47
5276,0.33
5286,0.565
5288,0.7
5290,0.485
5308,0.405
5311,0.685
5316,0.365
5318,0.395
5319,0.215
5320,0.52
5322,0.15
5324,0.46
5331,0.63
5336,0.395
5344,0.45
5346,0.345
5354,0.435
5356,0
5358,0.2575
5359,0.5725
5361,0.335
5365,0.56
5370,0.14
5376,0.535
5383,0.27
5384,0.8425
5385,0.285
5390,0.565
5393,0.38
5397,0.335
5398,0.57
5402,0.14
5407,0.355
5409,0.555
5424,0.54
5425,0.395
5428,0.44
5430,0.315
5439,0.665
5442,0.43
5447,0.491666667
5470,0.535
5473,0.39
5474,0.54
5477,0.4975
5485,0.375
5488,0.2
5491,0.57
5493,0.43
5502,0.375
5504,0.24
5506,0.395
5514,0.405
5517,0.5775
5522,0.3
5524,0.44
5527,0.55
5528,0.365
5536,0.395
5545,0.395
5576,0.42875
5577,0.375
5582,0.285
5583,0.345
5592,0.425
5594,0.465
5595,0.366
5596,0.445
5599,0.522916667
5606,0.44
5617,0.255
5619,0.317
5625,0.63
5626,0.325
5627,0.5
5632,0.395
5637,0.405
5639,0.505
5642,0.36
5654,0.325
5659,0.695
5664,0.38
5666,0.575
5670,0.461666667
5671,0.42
5674,0.445666667
5677,0.39
5681,0.68
5683,0
5700,0.405
5710,0.5
5713,0.55
5715,0.59
5718,0.17
5720,0.3
5726,0.3325
5738,0.355
5741,0.145
5743,0.35
5753,0.505
5761,0.635
5776,0.611666667
5780,0.49
5785,0.491666667
5789,0.36
5797,0.125
5798,0.405
5803,0.365
5810,0.395
5813,0.465
5817,0.125
5818,0.41
5822,0.45
5829,0.35
5845,0.38
5846,0.44
5847,0.35
5854,0.355
5858,0.555
5863,0.215
5867,0.495
5869,0.533333333
5870,0.49
5872,0.41
5876,0.5725
5881,0.67
5886,0.465
5891,0.435
5898,0.395
5901,0.275
5914,0.395
5922,0.19
5928,0.45
5933,0.44
5934,0.395
5946,0.28
5951,0.47
5955,0.5
5956,0.395
5965,0.23
5968,0.585
5972,0.245
5978,0.24
5981,0.6
5997,0.65
6005,0.355
6009,0.618333333
6010,0.27
6015,0.405
6025,0.15
6039,0.375
6047,0.491666667
6051,0.005
6056,0.573666667
6061,0.555
6064,0.415
6065,0.5575
6070,0.38
6071,0.685
6079,0.395
6085,0.395
6086,0.405
6091,0.491666667
6097,0.5
6099,0.44
6104,0.5
6106,0.54
6108,0.395
6109,0.395
6124,0.48
6140,0.520833333
6142,0.395
6144,0.385
6150,0.71
6154,0.491666667
6155,0.22
6156,0.485
6158,0.33
6159,0.491666667
6160,0.66375
6166,0.485
6169,0.635
6170,0
6173,0.37
6175,0.405
6179,0.37
6184,0.565
6185,0.365
6186,0.44
6192,0.515
6204,0.225
6230,0.44
6231,0.655
6232,0.395
6235,0.275
6237,0.395
6239,0.305
6245,0.66
6263,0.405
6265,0.45
6270,0.51
6271,0.375
6278,0.405
6279,0.45
6287,0.65
6288,0.76
6294,0.485
6295,0.24
6302,0.44
6306,0.28
6322,0.5
6324,0.335
6327,0.485
6331,0.46
6334,0.42
6336,0.155
6338,0.58
6339,0.3
6362,0.425
6372,0.635
6374,0.54
6375,0.39
6390,0.5
6393,0.56
6394,0.395
6405,0.505
6406,0.405
6416,0.61
6421,0.44
6422,0.263333333
6440,0.325
6446,0.44
6457,0.505
6460,0.35
6463,0.566666667
6474,0.405
6476,0.075
6477,0.31
6482,0.53
6488,0.77
6489,0.61
6494,0.195
6495,0.405
6499,0.515
6505,0.5
6507,0.59
6511,0.438333333
6524,0.19
6527,0.095
6531,0.58
6536,0.485
6538,0.13
6541,0.47
6542,0.43
6550,0.465333333
6565,0.225
6568,0.25
6584,0.685
6588,0.33
6593,0.505
6597,0.135
6603,0.675
6609,0.44
6611,0.415
6613,0.61
6616,0.395
6622,0.15625
6627,0.785
6630,0.325
6637,0.5
6639,0.395
6640,0.265
6646,0.085
6647,0.45
6648,0.491666667
6655,0.835
6659,0.42
6669,0.38
6680,0.285
6681,0.15
6684,0.075
6693,0.35
6694,0.455
6704,0.75
6706,0.45
6710,0.245
6713,0.345
6718,0.365
6732,0.4825
6737,0.65
6739,0.27
6742,0.29
6746,0.615
6753,0.205
6771,0.475
6784,0.44
6790,0.44
6795,0.395
6796,0.48
6805,0.2
6807,0.405
6808,0.47
6818,0.645
6823,0.25
6830,0.355
6831,0.491666667
6832,0.42
6836,0.47
6846,0.31
6850,0.425
6854,0.22
6868,0.44
6876,0.39
6877,0.65
6881,0.2475
6882,0.35
6884,0.42
6886,0.43
6901,0.18
6903,0.55
6908,0.345
6910,0.16
6913,0.665
6914,0.565
6918,0.535
6930,0.515
6941,0.3625
6944,0.64
6945,0.625
6947,0.635
6949,0.485
6952,0.56
6963,0.345
6964,0.405
6966,0.59
6972,0.44
6979,0.555
6981,0.53
6988,0.44
6990,0.21
6998,0.3725
7004,0.285
7005,0.365
7011,0.395
7016,0.255
7020,0.45
7027,0.245
7042,0.555
7056,0.49
7061,0.355
7069,0.4
7071,0.49
7082,0.58
7088,0.5375
7095,0.59
7098,0.26
7099,0.335
7108,0.52
7121,0.44
7125,0.395
7136,0.5825
7149,0.395
7150,0.535
7151,0.245
7156,0.435
7167,0.365
7177,0.505
7178,0.23
7183,0.305
7186,0.46
7190,0.43
7192,0.375
7198,0.095
7201,0.37
7202,0.405
7205,0.7125
7207,0.17
7213,0.22
7224,0.255
7225,0.455
7227,0.38
7233,0.225
7236,0.51
7237,0.43
7239,0.42
7246,0.505
7248,0.655
7261,0.44
7264,0.18
7266,0.085
7274,0.405
7278,0.395
7279,0.265
7293,0.125
7297,0.57
7312,0.395
7313,0.505
7315,0.335
7322,0.325
7323,0.395
7326,0.465
7334,0.51
7341,0.27
7359,0.44
7361,0.21
7363,0.395
7365,0.4
7371,0.26
7377,0.445
7383,0.335
7390,0.491666667
7393,0.685
7398,0.295
7405,0.455
7410,0.44
7415,0.405
7434,0.365
7435,0.405
7438,0.325
7447,0.33
7449,0.395
7450,0.53
7452,0.56
7453,0.28
7455,0.365
7456,0.21
7457,0.565
7460,0.491666667
7466,0.395
7470,0.405
7474,0.352916667
7482,0.535
7487,0.16
7488,0.345
7492,0.445
7496,0.355
7500,0.645
7501,0.505
7505,0.59
7509,0.492642857
7510,0.36
7512,0.16
7514,0.585
7519,0.29
7526,0.415
7531,0.595
7533,0.295
7536,0.51
7538,0.491666667
7539,0.45
7541,0.44
7544,0.5
7554,0.195
7556,0.275
7563,0.58
7564,0.265
7566,0.56
7567,0.4
7580,0.56
7581,0.47
7584,0.115
7587,0.2
7589,0.24
7590,0.74
7594,0.28
7597,0.14125
7599,0.5
7602,0.395
7603,0.335
7605,0.245
7609,0.375
7613,0.325
7619,0.665
7625,0.514
7626,0.5
7636,0.395
7638,0.287333333
7639,0.48
7641,0.622
7643,0.405
7644,0.3
7657,0.395
7661,0.355
7666,0.74
7673,0.56
7683,0.5
7685,0.24
7697,0.32
7699,0.505
7704,0.3
7705,0.34
7708,0.3975
7728,0.528333333
7733,0.675
7741,0.36
7743,0.705
7745,0.25
7751,0.51
7752,0.505
7754,0.513333333
7756,0.285
7757,0.365
7770,0.7
7773,0.395
7774,0.39
7776,0.435
7777,0.435
7778,0.305
7781,0.605
7784,0.225
7789,0.491666667
7794,0.59
7799,0.285
7801,0.68
7818,0.235
7823,0.14
7828,0.215
7832,0.32
7839,0.45
7851,0.27
7856,0.675
7868,0.395
7869,0.16
7872,0.19
7873,0.405
7874,0.255
7878,0.3
7881,0.6
7888,0.635
7902,0.18875
7913,0.4925
7922,0.491666667
7923,0.44
7925,0.44
7926,0.33
7935,0.12
7938,0.295
7942,0.505
7945,0.4
7950,0.625
7954,0.46
7959,0.295
7963,0.360833333
7969,0.33
7970,0.44
7973,0.335
7977,0.395
7981,0.69125
7990,0.28
8013,0.305
8020,0.47
8023,0.395
8025,0.64
8034,0.44
8039,0.305
8046,0.36
8051,0.68
8055,0.32
8060,0.495
8063,0.16
8064,0.425
8073,0.491666667
8074,0.76
8076,0.405
8077,0.33
8080,0.285
8082,0.605
8088,0.265
8102,0.355
8103,0.45
8104,0.491666667
8105,0.695
8109,0.36
8115,0.395
8121,0.16
8126,0.479333333
8127,0.44
8135,0.555
8152,0.655
8153,0.475
8156,0.62
8160,0.38
8161,0.476166667
8162,0.71
8171,0.17
8181,0.215
8183,0.18
8185,0.245
8191,0.491666667
8192,0.44
8200,0.575
8203,0.13
8204,0.491666667
8207,0.6
8208,0.525
8209,0.52
8210,0.5575
8215,0.44
8217,0.345
8225,0.415
8226,0.435
8231,0.515
8233,0.405
8244,0.58
8249,0.29
8250,0.155
8258,0.345
8261,0.45
8265,0.36
8269,0.45
8278,0.19
8279,0.171
8280,0.685
8296,0.495
8299,0.29
8300,0.405
8301,0.48
8305,0.71
8327,0.295
8334,0.5
8338,0.44
8340,0.265
8349,0.35
8355,0.29
8361,0.28875
8362,0.1
8364,0.57
8365,0.76
8375,0.345
8378,0.55
8379,0.5
8380,0.28
8381,0.51
8387,0.3
8399,0.505
8402,0.491666667
8409,0.3175
8427,0.57
8429,0.17
8433,0.491666667
8436,0.596666667
8442,0.493333333
8445,0.31
8448,0.55
8451,0.31
8462,0.548333333
8464,0.235
8469,0.425
8474,0.63
8478,0.482
8482,0.4
8488,0.11
8490,0.395
8495,0.565
8498,0.51
8506,0.195
8510,0.435
8511,0.75
8527,0.45
8532,0.31
8533,0.42
8538,0.655
8541,0.39
8545,0.585
8553,0.6
8554,0.315
8555,0.47
8559,0.405
8569,0.155
8586,0.293333333
8593,0.295
8600,0.515
8606,0.32
8607,0.665
8609,0.155
8611,0.62
8613,0.495
8618,0.491666667
8624,0.37375
8630,0.276
8634,0.315
8637,0.485
8650,0.39
8652,0.53
8655,0.385
8661,0.505
8669,0.295
8673,0.295
8674,0.245
8678,0.585
8682,0.42
8688,0.445
8689,0.45
8695,0.495
8698,0.42
8703,0.32
8709,0.55
8716,0.215
8723,0.245
8737,0.395
8743,0.625
8745,0.21
8747,0.35
8752,0.43
8753,0.275
8771,0.605
8773,0.491666667
8774,0.695
8778,0.5
8786,0.301916667
8794,0.405
8795,0.54
8796,0.36
8800,0.215
8801,0.045
8804,0.465
8808,0.645
8809,0.395
8812,0.395
8817,0.415
8818,0.275
8825,0.285
8830,0.369
8831,0.56875
8833,0.275
8834,0.185
8836,0.54
8837,0.23
8844,0.375
8849,0.405
8851,0.455
8861,0.5
8864,0.54
8865,0.351
8867,0.73
8869,0.605
8873,0.405
8875,0.39
8880,0.62975
8884,0.44
8888,0.7525
8889,0.52
8891,0.39
8893,0.645
8897,0.465
8903,0.5725
8905,0.725
8910,0.5
8918,0.465
8939,0.195
8940,0.38
8941,0.275
8942,0.405
8944,0.305
8949,0.5
8950,0.14
8958,0.535
8967,0.38
8973,0.30625
8975,0.735
8979,0.615
8980,0.195
8991,0.235
8995,0.19
8996,0.425
8998,0.45
9000,0.425
9001,0.475
9002,0.56
9006,0.57
9013,0.625
9024,0.245
9026,0.465
9027,0.335
9034,0.5
9037,0.395
9038,0.145
9044,0.485
9050,0.27
9052,0.431666667
9054,0.735
9073,0.52
9078,0.491666667
9088,0.4
9097,0.23
9109,0.235
9112,0.675
9115,0.195
9120,0.55
9125,0.395
9128,0.415
9132,0.39
9136,0.365
9139,0.545
9140,0.31
9142,0.43
9143,0.525
9147,0.51
9154,0.31
9158,0.605
9159,0.34
9165,0.38475
9172,0.38
9176,0.491666667
9177,0.395
9178,0.31
9179,0.27
9185,0.565
9189,0.18
9196,0.555
9199,0.475
9201,0.825
9202,0.42
9209,0.235
9210,0.585
9212,0.405
9214,0.53
9240,0.395
9241,0.42
9244,0.635
9246,0.235
9249,0.305
9250,0.605
9252,0.405
9255,0.68
9258,0.28
9263,0.355
9266,0.4
9269,0.223333333
9272,0.055
9276,0.405
9284,0.425
9290,0.48
9299,0.395
9303,0.38
9310,0.05
9311,0.32
9314,0.515
9315,0.45
9325,0.51
9328,0.265
9329,0.328
9332,0.365
9337,0.497083333
9353,0.795
9354,0.5
9355,0.545
9356,0.5
9362,0.325
9364,0.405
9366,0.55
9377,0.36
9382,0.345
9387,0.495
9388,0.395
9396,0.685
9400,0.45
9406,0.43
9407,0.28
9411,0.435
9416,0.315
9417,0.565
9423,0.44
9424,0.65
9425,0.44
9426,0.49
9427,0.395
9429,0.44
9430,0.505
9434,0.686666667
9442,0.575
9448,0.795
9458,0.38
9476,0.455
9481,0.4685
9483,0.64
9484,0.395
9486,0.63
9487,0.491666667
9488,0.28
9490,0.445
9502,0.395
9505,0.29
9509,0.56
9515,0.33
9516,0.545
9531,0.255
9532,0.635
9536,0.605
9539,0.525
9542,0.485
9549,0.18
9550,0.385
9551,0.39625
9553,0.1525
9554,0.235
9561,0.615
9564,0.497571429
9566,0.505
9571,0.24
9577,0.335
9584,0.57
9592,0.66
9596,0.505
9602,0.301
9603,0.195
9604,0.63
9608,0.395
9609,0.335
9613,0.57
9623,0.16
9630,0.6
9633,0.365
9647,0.55
9648,0.22
9655,0.32
9657,0.5
9665,0.575
9666,0.595
9668,0.345
9670,0.37
9677,0.505
9678,0.27
9679,0.443527778
9693,0.44
9718,0.395
9720,0.5
9744,0.34
9745,0.37
9746,0.535
9753,0.49
9758,0.705
9759,0.195416667
9763,0.544
9766,0.325
9767,0.59
9777,0.785
9781,0.195
9783,0.405
9789,0.465
9790,0.395
9799,0.385
9802,0.045
9803,0.4
9805,0.491666667
9807,0.475
9812,0.43
9818,0.505
9819,0.358333333
9820,0.491666667
9822,0.09
9824,0.67
9834,0.395
9836,0.39
9846,0.45
9847,0.34
9856,0.685
9864,0.395
9867,0.491666667
9869,0.475
9875,0.325
9880,0.27
9885,0.491666667
9889,0.44
9894,0.22
9901,0.395
9909,0.49
9914,0.045
9915,0.545
9919,0.27
9920,0.44
9933,0.31
9940,0.26
9946,0.545
9948,0.195
9956,0.24
9958,0.491666667
9959,0.315
9962,0.175
9967,0.4
9973,0.6575
9976,0.755
9978,0.425
9982,0.31
9987,0.495
9988,0.40875
9989,0.39
9991,0.45
9992,0.21
9994,0.265
10000,0.1
10002,0.365
10005,0.655
10008,0.285
10009,0.16
10011,0.375
10021,0.400833333
10022,0.45
10053,0.265
10058,0.45
10066,0.651666667
10074,0.255
10076,0.08
10090,0.385
10092,0.58
10098,0.265
10099,0.54
10102,0.379416667
10103,0.29
10104,0.695
10106,0.375
10108,0.395
10113,0.5
10117,0.395
10119,0.305
10122,0.4025
10125,0.405
10140,0.598333333
10147,0.62
10155,0.15
10159,0.52
10164,0.53
10175,0.2
10176,0.575
10178,0.425
10186,0.45
10200,0.73
10204,0.405
10206,0.405
10211,0.38
10212,0.59
10217,0.21
10218,0.56
10220,0.325
10230,0.395
10233,0.505
10234,0.545
10235,0.475
10239,0.205
10240,0.51
10242,0.575
10243,0.345
10245,0.585
10246,0.315
10247,0.56
10250,0.361
10254,0.491666667
10257,0.255
10260,0.43
10261,0.4525
10265,0.56
10273,0.218333333
10274,0.405
10276,0.44
10277,0.53
10289,0.405
10290,0.29
10298,0.825
10301,0.575
10304,0.395
10305,0.54
10311,0.455
10313,0.365833333
10320,0.25
10323,0.205
10326,0.57
10328,0.425
10332,0.44
10336,0.395
10343,0.316
10348,0.395
10350,0.44
10351,0.4
10354,0.311
10365,0.52
10372,0.475
10373,0.395
10377,0.355
10380,0.595
10383,0.235
10396,0.465
10397,0.455
10399,0.415
10400,0.493333333
10401,0.33
10402,0.43
10403,0.548
10410,0.487083333
10412,0.31
10415,0.497916667
10424,0.71
10428,0.26
10432,0.465
10443,0.505
10462,0.44
10472,0.37
10477,0.3
10479,0.275
10482,0.288333333
10484,0.267583333
10490,0.235
10493,0.53
10495,0.3475
10497,0.15
10516,0.495
10521,0.12
10522,0.61
10523,0.45
10528,0.145
10530,0.615
10532,0.415
10533,0.595
10535,0.435
10543,0.39875
10547,0.425
10552,0.605
10558,0.485
10564,0.305
10566,0.365
10571,0.435
10572,0.23
10574,0.43
10583,0.602916667
10600,0.46375
10607,0.2275
10608,0.52
10614,0.105
10630,0.345
10634,0.685
10635,0.260833333
10641,0.491666667
10643,0.297
10644,0.44
10647,0.1075
10648,0.335
10661,0.31625
10669,0.245
10675,0.385
10686,0.7
10704,0.57
10707,0.355
10709,0.395
10710,0.605
10722,0.28
10736,0.605
10738,0.31
10764,0.515
10767,0.395
10776,0.415
10779,0.628333333
10780,0.395
10781,0.56
10792,0.44
10797,0.77
10798,0.445
10801,0.32
10802,0.345
10805,0.33
10808,0.24
10810,0.405
10816,0.305
10817,0.505
10818,0.5
10829,0.545
10843,0.35
10858,0.405
10866,0.48
10874,0.28
10876,0.265
10887,0.17
10890,0.205
10891,0.49
10896,0.525
10900,0.54
10905,0.465
10907,0.375
10914,0.23
10917,0.235
10936,0.405
10947,0.55
10948,0.585
10951,0.48
10955,0.345
10969,0.49
10984,0.52
10987,0.185
10990,0.36
10992,0.26
10996,0.435
10997,0.235
10999,0.3225
11000,0.67
11001,0.46
11010,0.44
11016,0.395
11018,0.395
11024,0.225
11034,0.491666667
11039,0.575
11041,0.215
11047,0.33
11048,0.355
11053,0.125
11055,0.23
11056,0.63
11063,0.405
11065,0.25
11068,0.395
11070,0.32375
11071,0.515
11072,0.315
11077,0.195
11079,0.44
11086,0.435
11091,0.435
11093,0.415
11094,0.595
11112,0.44
11113,0.44
11128,0.345
11135,0.58
11153,0.33
11154,0.08
11160,0.38
11163,0.39
11179,0.33
11181,0.545
11206,0.50875
11207,0.41
11216,0.645
11221,0.455
11223,0.38
11228,0.3695
11235,0.46
11237,0.37
11239,0.85
11244,0.365
11256,0.65
11267,0.5945
11272,0.405
11281,0.3825
11285,0.525
11288,0.5
11291,0.7
11293,0.455
11296,0.37
11297,0.276
11298,0.26
11299,0.19
11301,0.315
11304,0.39
11309,0.657083333
11313,0.355
11329,0.405
11331,0.47
11332,0.555
11337,0.475
11343,0.395
11347,0.39
11348,0.568
11355,0.405
11368,0.65
11369,0.4
11371,0.61
11378,0.41
11380,0.49
11384,0.09
11387,0.4775
11392,0.72
11393,0.14
11399,0.545
11403,0.25
11404,0.1
11412,0.33
11423,0.491666667
11429,0.43
11430,0.395
11431,0.4
11432,0.065
11444,0.605
11450,0.47
11451,0.307416667
11476,0.43
11485,0.37
11488,0.41
11493,0.405
11495,0.405
11505,0.585
11508,0.395
11518,0.565
11522,0.56
11524,0.395
11533,0.635
11549,0.555
11551,0.45
11560,0.325
11563,0.28
11565,0.405
11567,0.71
11569,0.53
11589,0.335
11591,0.27
11598,0.375
11603,0.325
11604,0.395
11611,0.34
11617,0.368
11626,0.555
11627,0.59
11636,0.385
11642,0.075
11643,0.585
11648,0.64
11651,0.2925
11663,0.365
11666,0.43
11685,0.52
11686,0.500833333
11698,0.225
11699,0.29
11700,0.425
11708,0.485
11710,0.38
11711,0.55
11713,0.353666667
11718,0.47
11724,0.491666667
11734,0.53
11736,0.39
11742,0.385
11761,0.33
11767,0.1
11768,0.3675
11775,0.41
11779,0.405
11786,0.491666667
11790,0.491666667
11791,0.72
11796,0
11806,0.31
11808,0.335
11810,0.516666667
11811,0.455
11814,0.5
11816,0.388333333
11820,0.33
11822,0.461666667
11829,0.280666667
11832,0.32
11834,0.405
11836,0.305
11837,0.39
11844,0.42
11847,0.32
11862,0.345
11864,0.45
11865,0.555
11872,0.5275
11873,0.41
11886,0.535
11894,0.35
11900,0.45
11901,0.24
11905,0.455
11906,0.2
11907,0.410833333
11912,0.375
11914,0.475
11915,0.395
11918,0.26
11924,0.546666667
11929,0.45
11930,0.355
11936,0.435
11937,0.505
11948,0.885
11954,0.58
11957,0.29
11964,0.37
11968,0.08
11972,0.45
11974,0.405
11976,0.525
11979,0.43
11981,0.465
11983,0.08
11989,0.08
11991,0.57
11998,0.41
12003,0.47
12007,0.365
12011,0.31
12014,0.37
12024,0.26
12033,0.41
12034,0.82
12041,0.75
12046,0.44
12051,0.4
12056,0.737916667
12064,0.42
12069,0.188583333
12070,0.36
12071,0.58
12072,0.6
12078,0.18
12091,0.62
12092,0.395
12094,0.665
12098,0.195
12103,0.37
12115,0.491666667
12118,0.44
12122,0.77
12125,0.395
12133,0.6575
12135,0.445
12137,0.491666667
12141,0.32
12143,0.455
12144,0.625
12150,0.455833333
12154,0.135
12163,0.19
12164,0.58
12169,0.405
12170,0.165
12177,0.74
12193,0.099166667
12196,0.665
12197,0.335
12202,0.535
12206,0.2
12209,0.491666667
12214,0.4975
12215,0.485
12218,0.495
12219,0.15
12221,0.395
12228,0.18
12233,0.35375
12238,0.315
12242,0.74
12245,0.35
12247,0.4775
12251,0.49
12287,0.17
12292,0.62222619
12303,0.55
12304,0.16
12311,0.24
12317,0.405
12318,0.488333333
12320,0.47125
12323,0.44
12328,0.145
12333,0.405
12334,0.41
12335,0.295
12346,0.404166667
12352,0.395
12358,0.59
12364,0.66
12366,0.445
12376,0.305
12389,0.23
12396,0.33
12401,0.315
12402,0.395
12405,0.345
12406,0.58
12408,0.22
12410,0.605
12413,0.685
12417,0.645
12424,0.62
12425,0.425
12426,0.35
12430,0.455
12432,0.5
12433,0.715
12451,0.205
12457,0.38
12463,0.491666667
12465,0.685
12468,0.465
12474,0.7
12475,0.395
12476,0.395
12486,0.585
12487,0.44
12504,0.125
12514,0.295
12524,0.38
12526,0.42
12530,0.48
12532,0.39
12587,0.405
12593,0.33
12599,0.36
12600,0.66
12603,0.42
12604,0.179333333
12620,0.405
12624,0.491666667
12630,0.235
12638,0.455
12641,0.491666667
12643,0.545
12646,0.385
12656,0.435
12659,0.405
12666,0.23
12672,0.625
12673,0.395
12675,0.405
12678,0.405
12692,0.075
12693,0.44
12695,0.48
12700,0.3
12707,0.595
12711,0.555
12716,0.58
12717,0.44
12723,0.405
12735,0.424380952
12738,0.49
12742,0.305
12746,0.62
12753,0.565
12758,0.59
12760,0.18
12763,0.63
12764,0.355
12768,0.66
12772,0.42
12776,0.372
12777,0.48
12783,0.54
12801,0.54
12803,0.565
12804,0.415
12805,0.595833333
12817,0.303333333
12824,0.34
12839,0.505
12847,0.535
12850,0.395
12867,0.44
12875,0.095
12883,0.2675
12885,0.31
12887,0.16
12890,0.285
12903,0.395
12906,0.3
12907,0.205
12909,0.435
12912,0.17
12914,0.4
12915,0.445
12930,0.47
12931,0.148333333
12934,0.495
12951,0.38
12955,0.485
12971,0.575
12972,0.16
12973,0.44
12986,0.32
12987,0.395
12988,0.49
12999,0.31
13015,0.395
13026,0.63
13036,0.415
13039,0.25
13040,0.465
13041,0.685
13043,0.5
13053,0.705
13057,0.39
13064,0.435
13066,0.365
13068,0.45
13069,0.4675
13073,0.4
13079,0.395
13086,0.3
13089,0.27
13093,0.415
13097,0.585
13098,0.440333333
13105,0.285
13107,0.315
13108,0.42
13110,0.22
13112,0.4825
13114,0.385
13118,0.245
13127,0.5
13129,0.395
13134,0.59
13142,0.45
13146,0.45
13149,0.59
13152,0.24
13157,0.41
13158,0.81
13159,0.34
13161,0.441666667
13162,0.460833333
13166,0.195
13168,0.225
13170,0.26
13186,0.42
13191,0.461
13194,0.105
13200,0.4775
13203,0.626666667
13209,0.219916667
13212,0.565
13213,0.638666667
13218,0.5
13222,0.335
13229,0.395
13234,0.4625
13257,0.395
13258,0.485
13268,0.55
13270,0.385
13291,0.335
13292,0.31
13299,0.22
13303,0.39
13306,0.605
13307,0.505
13309,0.205
13311,0.42
13312,0.375
13322,0.485
13323,0.34
13324,0.395
13330,0.255
13338,0.28
13344,0.335
13348,0.22
13355,0.6
13356,0.29
13359,0.59
13365,0.335
13368,0.225
13370,0.395
13371,0.2
13372,0.64
13377,0.44
13385,0.405
13389,0.53
13392,0.67
13393,0.491666667
13395,0.59
13399,0.465
13404,0.32
13410,0.491666667
13411,0.495
13413,0.375
13416,0.32
13434,0.8
13435,0.2
13445,0.125
13446,0.225
13451,0.348
13462,0.45
13464,0.45
13466,0.41
13471,0.255
13472,0.491666667
13477,0.44
13481,0.194
13484,0.4
13490,0.67875
13492,0.77
13500,0.77
13508,0.815
13516,0.355
13525,0.33
13526,0.405
13530,0.59
13532,0.605
13538,0.425
13546,0.355
13548,0.52
13550,0.395
13551,0.585
13564,0.305
13566,0.44
13570,0.65
13580,0.65
13582,0.69
13585,0.26
13588,0.285
13592,0.395
13594,0.49
13609,0.39
13610,0.408333333
13612,0.38
13613,0.16
13625,0.495
13626,0.51
13629,0.495
13639,0.395
13645,0.405
13647,0.35
13648,0.385
13652,0.491666667
13654,0.69
13664,0.44
13673,0.365
13680,0.52
13684,0.125
13690,0.16
13693,0.46
13696,0.615
13700,0.35
13701,0.19
13703,0.425
13707,0.385
13711,0.1575
13713,0.275
13714,0.21
13716,0.164583333
13720,0.5175
13725,0.285
13727,0.38
13733,0.13
13738,0.22
13743,0.405
13756,0.293
13757,0.485
13759,0.695
13761,0.491666667
13767,0.415
13782,0.35
13786,0.315
13787,0.615
13792,0.49
13795,0.42
13798,0.325
13807,0.135
13809,0.48
13811,0.115
13815,0.44625
13817,0.475
13818,0.32
13822,0.545
13824,0.365
13829,0.685
13832,0.548333333
13840,0.334666667
13841,0.33
13851,0.525
13868,0.286666667
13871,0.4
13878,0.34
13880,0.43
13888,0.326666667
13890,0.5
13891,0.31
13895,0.315
13907,0.58
13910,0.4
13912,0.585
13913,0.46
13920,0.445
13923,0.4725
13927,0.17
13929,0.475
13935,0.635
13936,0.475
13939,0.29
13946,0.5
13950,0.405
13951,0.318333333
13954,0.305
13956,0.58
13958,0.415
13969,0.515
13980,0.08
13981,0.625
13986,0.58
13987,0.115
13989,0.45
13992,0.385
13994,0.491666667
14001,0.39
14002,0.445
14004,0.46
14005,0.275
14006,0.32
14012,0.255
14015,0.335416667
14021,0.49
14024,0.295
14045,0.45
14047,0.65
14057,0.4825
14059,0.355
14060,0.455
14066,0.34
14068,0.255
14070,0.43
14074,0.095
14076,0.73
14089,0.325
14101,0.295
14113,0.6595
14115,0.155
14116,0.5525
14120,0.365
14128,0.383333333
14131,0.255
14134,0.395
14136,0.485
14137,0.2825
14138,0.34
14139,0.395
14152,0.56
14153,0.665
14155,0.45
14156,0.57
14159,0.33
14164,0.53
14165,0.61222619
14171,0.34
14174,0.425
14175,0.215
14181,0.625
14186,0.395
14189,0.4
14191,0.345
14192,0.262
14201,0.565
14206,0.39
14210,0.5
14214,0.255
14221,0.45
14222,0.491666667
14230,0.44
14231,0.1925
14236,0.447
14241,0.395
14245,0.35
14249,0.355
14251,0.405
14262,0.555
14263,0.4
14265,0.355
14267,0.47
14270,0.45
14276,0.67
14279,0.215
14281,0.185
14285,0.485
14289,0.605
14290,0.585
14293,0.405
14295,0.38
14296,0.655
14297,0.475
14298,0.29
14310,0.595
14312,0.505
14313,0.47
14315,0.365
14318,0.55
14319,0.47
14322,0.355
14325,0.4075
14331,0.66
14334,0.07
14341,0.525
14343,0.491666667
14344,0.5
14345,0.48
14346,0.47
14347,0.375
14349,0.435
14352,0.2025
14358,0.655
14361,0.6
14363,0.26
14364,0.12
14366,0.59
14374,0.6
14376,0.491666667
14381,0.57
14387,0.19
14398,0.7
14410,0.415
14412,0.685
14415,0.44
14422,0.6
14423,0.426666667
14425,0.455
14436,0.495
14442,0.491666667
14444,0.35
14455,0.44
14465,0.4225
14469,0.45
14471,0.397
14475,0.665
14479,0.301
14480,0.235
14488,0.36
14491,0.44
14499,0.395
14501,0.38
14516,0.5
14520,0.26
14522,0.675
14523,0.425
14526,0.38
14537,0.545
14538,0.505
14550,0.525
14560,0.34
14561,0.375
14562,0.245
14575,0.45
14586,0.32
14592,0.592916667
14601,0.25
14602,0.75
14604,0.475
14606,0.31
14613,0.405
14627,0.555
14641,0.51
14652,0.55
14662,0.365
14665,0.41
14673,0.47
14675,0.505
14679,0.68
14683,0.82
14686,0.31
14695,0.25
14705,0.630142857
14708,0.46
14709,0.46
14710,0.3
14715,0.57
14717,0.4
14723,0.3075
14725,0.59
14727,0.35
14728,0.43
14733,0.31
14735,0.395
14743,0.62
14746,0.36
14752,0.395
14757,0.35
14759,0.4725
14762,0.415
14763,0.24
14774,0.655
14777,0.5
14778,0.11
14789,0.39
14797,0.37
14798,0.504583333
14811,0.175
14812,0.19
14818,0.43
14825,0.165
14827,0.592083333
14829,0.1825
14830,0.44
14837,0.625
14839,0.27
14849,0.44
14863,0.35
14869,0.39
14882,0.455
14884,0.495
14886,0.575
14888,0.405
14890,0.505
14904,0.48
14938,0.405
14952,0.63
14958,0.45
14960,0.455
14963,0.54
14972,0.4
14979,0.5825
14980,0.447916667
14986,0.57
14988,0.315
15003,0.695
15006,0.44
15009,0.62
15015,0.26
15024,0.295
15026,0.3475
15030,0.585
15036,0.59
15038,0.396666667
15039,0.395
15047,0.511666667
15049,0.485
15056,0.44
15060,0.345
15068,0.345
15070,0.465
15073,0.27
15081,0.335
15084,0.54
15088,0.69
15092,0.39
15095,0.63
15097,0.345
15098,0.1575
15115,0.655
15120,0.395
15126,0.275
15133,0.54
15143,0.23
15156,0.545
15163,0.55
15164,0.35
15178,0.19
15198,0.583
15200,0.57
15204,0.39
15206,0.34
15208,0.07
15214,0.5275
15218,0.752
15231,0.345
15238,0.22
15239,0.13
15240,0.265
15249,0.265
15256,0.11
15260,0.71
15290,0.44
15296,0.3625
15298,0.465
15299,0.395
15307,0.491666667
15308,0.625
15309,0.285
15321,0.475
15323,0.4
15325,0.58
15335,0.28
15342,0.405
15346,0.581666667
15349,0.26
15354,0.44
15362,0.4
15372,0.531666667
15379,0.265
15383,0.475
15394,0.13
15399,0.525
15401,0.5325
15405,0.285
15407,0.405
15412,0.467142857
15413,0.295
15415,0.5
15417,0.465
15427,0.37
15430,0.525
15436,0.206916667
15438,0.1
15439,0.295
15443,0.505
15444,0.36
15445,0.491666667
15446,0.27
15450,0.323333333
15456,0.44
15465,0.395
15466,0.355
15468,0.325
15470,0.77
15474,0.485
15476,0.485
15482,0.515
15492,0.42
15498,0.315
15510,0.3
15519,0.33
15523,0.425
15535,0.33
15548,0.395
15561,0.685
15563,0.22
15564,0.405
15566,0.385
15579,0.285
15580,0.304833333
15581,0.265
15587,0.6
15589,0.45
15591,0.455
15597,0.66
15615,0.575
15620,0.51
15627,0.58
15633,0.44
15636,0.44
15653,0.525
15654,0.64
15662,0.445
15664,0.605
15666,0.34
15667,0.355
15674,0.545
15692,0.37
15700,0.31
15715,0.375
15722,0.44
15736,0.425
15744,0.3865
15746,0.6
15758,0.46
15760,0.35
15762,0.24
15766,0.455333333
15767,0.445
15770,0.4
15788,0.330833333
15789,0.395
15810,0.59125
15818,0.385
15819,0.3
15820,0.565
15830,0.26
15844,0.24
15850,0.03
15857,0.2825
15863,0.468333333
15868,0.41
15869,0.43
15872,0.41
15873,0.175
15876,0.535
15878,0.173333333
15883,0.345
15884,0.37
15885,0.26
15886,0.415
15891,0.65
15894,0.39
15898,0.265
15900,0.27
15912,0.141666667
15931,0.335
15932,0.44
15937,0.46
15940,0.44
15944,0.505
15945,0.425
15949,0.53
15960,0.385
15963,0.415
15970,0.535
15977,0.45
15982,0.28
15985,0.745
15995,0.62
16004,0.18
16005,0.405
16006,0.475
16011,0.495
16019,0.635
16021,0.35
16034,0.395
16051,0.45
16060,0.525
16065,0.505
16066,0.27
16070,0.305
16076,0.57
16091,0.395
16094,0.325
16101,0.425
16104,0.42
16113,0.405
16114,0.235
16115,0.405
16127,0.545
16128,0.305
16137,0.49
16138,0.475
16139,0.395
16142,0.44
16144,0.515
16148,0.47
16151,0.12
16154,0.37
16156,0.63
16165,0.4225
16166,0.23
16168,0.145
16179,0.53
16193,0.512
16196,0.78
16198,0.595
16210,0.435
16228,0.365
16232,0.57375
16237,0.655
16240,0.475
16252,0.365
16259,0.188333333
16262,0.395
16263,0.6
16270,0.491666667
16272,0.76
16276,0.535
16290,0.26
16295,0.62722619
16297,0.275
16299,0.29
16300,0.435
16302,0.34
16303,0.485
16305,0.626
16309,0.62
16312,0.510404762
16316,0.255
16320,0.38
16326,0.655
16327,0.29
16338,0.625
16342,0.43
16346,0.555
16348,0.355
16355,0.825
16356,0.505
16378,0.595
16382,0.535
16391,0.46
16392,0.505
16395,0.44
16399,0.53
16403,0.4
16408,0.19
16413,0.6135
16415,0.615
16417,0.43
16420,0.32
16431,0.57
16439,0.325
16441,0.405
16444,0.59
16446,0.03
16451,0.365
16454,0.36
16456,0.57
16458,0.51
16461,0.585
16462,0.15
16469,0.51
16479,0.52
16484,0.91
16486,0.43
16487,0.67
16491,0.195
16494,0.49
16507,0.735
16508,0.735
16519,0.435
16523,0.135
16526,0.43
16530,0.34
16532,0.373
16535,0.42
16542,0.3
16550,0.495
16555,0.75
16556,0.435
16558,0.61
16567,0.355
16576,0.335
16579,0.4
16580,0.48
16595,0.36
16598,0.095
16600,0.295
16604,0.33
16605,0.5
16607,0.665
16610,0.22
16612,0.535083333
16617,0.5
16625,0.245
16632,0.535
16634,0.6
16650,0.525
16652,0.49
16654,0.4125
16655,0.245
16656,0.5
16657,0.44
16660,0.395
16661,0.298
16662,0.378
16667,0.585083333
16669,0.655
16673,0.25
16675,0.35
16676,0.42
16678,0.36
16679,0.32
16693,0.565
16701,0.545
16709,0.505
16715,0.65875
16722,0.4
16724,0.38
16727,0.345
16735,0.29
16741,0.515
16747,0.45125
16752,0.485
16758,0.46
16765,0.46
16771,0.425
16785,0.285
16793,0.39
16800,0.43
16805,0.205
16809,0.36
16818,0.44
16820,0.52
16827,0.435
16830,0.745
16843,0.343
16847,0.615
16855,0.49
16860,0.425
16862,0.67
16863,0.51
16869,0.31
16872,0.325
16874,0.14
16876,0.87
16883,0.235
16893,0.515
16895,0.415
16914,0.475
16917,0.172583333
16926,0.355
16930,0.38
16931,0.18
16932,0.545
16934,0.445
16937,0.355
16941,0.25
16942,0.732083333
16957,0.475
16962,0.18
16963,0.02
16967,0.655
16968,0.47
16972,0.395
16974,0.48
16984,0.145
16987,0.128333333
16994,0.52597619
16995,0.48
16999,0.261
17000,0.445
17004,0.33
17006,0.4375
17034,0.21
17038,0.2
17040,0.345
17050,0.51
17055,0.58
17059,0.33
17066,0.54
17068,0.52
17077,0.11
17079,0.155
17082,0.4675
17085,0.41
17087,0.16
17099,0.405
17105,0.26
17108,0.165
17110,0.425
17111,0.265
17116,0.356333333
17123,0.575
17124,0.095
17130,0.655
17132,0.545
17138,0.56
17143,0.24
17157,0.35
17160,0.46
17166,0.605
17167,0.58
17170,0.21
17179,0.578333333
17180,0.465
17184,0.215
17189,0.3
17197,0.541892857
17212,0.55
17219,0.527083333
17223,0.475
17225,0.245
17229,0.29
17234,0.345
17235,0.25
17239,0.19
17242,0.45
17243,0.355
17246,0.536666667
17247,0.195
17255,0.365
17258,0.495
17260,0.385
17264,0.48
17270,0.51
17271,0.47
17272,0.29
17285,0.165
17294,0.46
17297,0.35875
17298,0.455
17299,0.74275
17302,0.405
17306,0.235
17313,0.29
17315,0.45
17324,0.25
17326,0.2775
17327,0.448190476
17330,0.32
17339,0.33
17345,0.385
17350,0.5575
17351,0.495
17352,0.098333333
17371,0.44
17372,0.416666667
17381,0.45
17385,0.2
17388,0.525
17390,0.305
17392,0.525
17399,0.31
17404,0.325
17407,0.505
17408,0.443
17416,0.435
17418,0.19
17423,0.57
17434,0.58
17438,0.425
17443,0.63222619
17444,0.676666667
17447,0.555
17453,0.451083333
17454,0.85
17460,0.36
17467,0.27
17480,0.53
17488,0.3605
17490,0.41
17493,0.305
17498,0.48
17503,0.34
17513,0.47
17517,0.07
17520,0.403
17525,0.47
17533,0.438
17534,0.36
17545,0.05
17553,0.915
17554,0.17
17557,0.555
17563,0.395
17564,0.425
17566,0.6
17576,0.55
17577,0.54
17580,0.443333333
17582,0.58
17596,0.465
17597,0.345
17602,0.632333333
17614,0.245
17623,0.475
17624,0.43
17627,0.555
17628,0.55
17630,0.255
17634,0.62222619
17639,0.545
17640,0.435
17652,0.455
17657,0.4
17661,0.335
17662,0.226666667
17666,0.68
17678,0.32
17680,0.155
17682,0.551666667
17687,0.35
17688,0.50272619
17693,0.46
17696,0.59
17703,0.45
17705,0.3
17711,0.36
17715,0.3
17717,0.35
17721,0.265
17727,0.24
17728,0.41
17737,0.43
17745,0.53
17755,0.375833333
17764,0.5
17768,0.1825
17774,0.375
17777,0.26
17785,0.105
17786,0.25
17789,0.46
17793,0.355
17799,0.235
17802,0.345
17810,0.6
17813,0.11
17819,0.53675
17825,0.485
17828,0.235
17833,0.525
17841,0.47
17842,0.6
17844,0.36
17849,0.282416667
17850,0.52
17855,0.505
17857,0.275
17861,0.39
17862,0.455
17863,0.435
17868,0.5
17876,0.4
17882,0.5225
17885,0.395
17893,0.595
17894,0.15
17902,0.445
17903,0.516666667
17906,0.345
17907,0.47
17911,0.6105
17917,0.441666667
17921,0.36
17932,0.23
17941,0.28
17945,0.485
17949,0.535
17954,0.545
17957,0.505
17958,0.35
17960,0.36
17967,0.49
17975,0.22
17985,0.61
18000,0.560083333
18002,0.315
18008,0.405
18014,0.45
18015,0.775
18019,0.535
18021,0.62
18022,0.541238095
18026,0.4
18029,0.325
18030,0.465
18034,0.545
18035,0.27
18036,0.435
18039,0.368
18053,0.46875
18066,0.335833333
18075,0.51
18076,0.445
18079,0.615
18089,0.615
18104,0.44
18110,0.18
18119,0.37
18123,0.2575
18124,0.62
18129,0.7225
18131,0.22
18133,0.41
18136,0.475
18148,0.45
18152,0
18167,0.37
18177,0.32
18178,0.165
18183,0.69
18194,0.54
18197,0.365
18199,0.42
18213,0.2
18214,0.535
18221,0.43
18227,0.14
18235,0.23
18239,0.318
18245,0.503333333
18248,0.226
18265,0.432416667
18266,0.44
18267,0.471083333
18274,0.1
18279,0.38975
18283,0.55
18291,0.69
18297,0.27
18302,0.365
18303,0.355
18315,0.235
18324,0.2
18326,0.59
18334,0.095
18336,0.44
18344,0.45
18346,0.48
18347,0.635
18350,0.5
18352,0.445
18353,0.54
18364,0.395
18366,0.615
18373,0.435
18389,0.55
18391,0.41
18393,0.14375
18395,0.2
18400,0.49
18405,0.53
18408,0.55
18421,0.570416667
18425,0.415
18443,0.21
18444,0.465
18451,0.34
18456,0.438333333
18458,0.53375
18460,0.185
18461,0.37
18467,0.35
18468,0.2675
18475,0.47
18481,0.51
18485,0.155
18494,0.36
18495,0.785
18508,0.435
18519,0.125
18522,0.9
18530,0.283333333
18533,0.325
18537,0.505
18542,0.582083333
18547,0.3
18548,0.67
18553,0.23
18560,0.375
18561,0.30625
18565,0.41
18572,0.495
18585,0.59
18593,0.285
18597,0.125
18600,0.345
18601,0.43
18620,0.445
18621,0.655
18625,0.405
18629,0.33
18637,0.33875
18649,0.32
18653,0.45
18660,0.205
18671,0.265
18672,0.34
18677,0.61
18681,0.395
18684,0.36
18685,0.17
18686,0.27
18687,0.365
18689,0.245
18690,0.42
18709,0.21
18716,0.465
18723,0.495
18733,0.386333333
18747,0.225
18759,0.58472619
18773,0.345
18782,0.495
18797,0.403
18810,0.135
18817,0.495
18820,0.426333333
18823,0.42
18825,0.365
18836,0.15
18837,0.35
18850,0.43
18857,0.63
18861,0.39
18867,0.4575
18870,0.415
18877,0.3
18887,0.4
18888,0.375
18898,0.325
18900,0.37
18914,0.7
18921,0.562083333
18922,0.56
18926,0.2
18937,0.505
18945,0.355
18947,0.7
18949,0.18
18953,0.475
18954,0.185
18957,0.235
18960,0.3425
18965,0.405
18973,0.36
18983,0.465
18990,0.25
18991,0.4
18993,0.34
18995,0.565
18996,0.605
18998,0.365
19003,0.37
19010,0.655
19014,0.45
19015,0.29
19019,0.48
19028,0.545
19036,0.58
19038,0.395
19040,0.72
19046,0.25
19051,0.66
19054,0.59
19056,0.29
19070,0.215
19074,0.21
19078,0.28
19079,0.335
19083,0.4
19085,0.405
19088,0.405
19099,0.485
19124,0.375
19127,0.4
19134,0.275
19141,0.175
19146,0.435
19150,0.5975
19159,0.554583333
19165,0.385
19169,0.305
19170,0.155
19176,0.4
19187,0.49
19189,0.55
19192,0.519166667
19202,0.635
19208,0.426666667
19209,0.345
19210,0.368
19216,0.535
19217,0.385
19218,0.2
19223,0.4525
19224,0.57
19225,0.605
19228,0.27
19240,0.115
19246,0.4
19266,0.435
19269,0.42
19274,0.283333333
19275,0.35
19287,0.588
19298,0.3
19303,0.23
19306,0.527083333
19313,0.27
19325,0.345
19326,0.37
19328,0.34
19330,0.265
19339,0.51
19340,0.547916667
19342,0.3
19343,0.465
19344,0.415
19348,0.49772619
19350,0.75
19357,0.71
19361,0.46
19363,0.355
19364,0.395
19371,0.455
19376,0.615
19377,0.31
19381,0.22
19384,0.465
19390,0.4
19402,0.445
19405,0.49
19409,0.325
19418,0.405
19429,0.4505
19433,0.815416667
19446,0.46
19458,0.39
19460,0.346277778
19462,0.465
19465,0.58
19471,0.21
19472,0.39
19478,0.315
19480,0.68
19487,0.31
19495,0.23
19497,0.545
19500,0.17
19503,0.56222619
19507,0.36
19517,0.445
19533,0.675
19537,0.365
19541,0.66
19561,0.345
19563,0.39
19566,0.41
19568,0.438
19576,0.205
19577,0.525
19578,0.645
19591,0.425
19597,0.500833333
19619,0.38
19622,0.36
19623,0.35
19624,0.45
19627,0.585
19629,0.38
19633,0.37
19639,0.335
19641,0.445
19643,0.125
19646,0.327083333
19649,0.46
19652,0.398
19657,0.385
19659,0.703
19660,0.515
19668,0.45
19678,0.605
19686,0.64
19690,0.24
19694,0.31
19695,0.5
19701,0.65
19702,0.37
19712,0.37
19720,0.47
19730,0.555
19731,0.615
19735,0.12
19739,0.3
19740,0.273
19743,0.32
19750,0.617291667
19752,0.31
19754,0.499
19762,0.51
19770,0.365
19775,0.515
19777,0.335
19782,0.515
19783,0.623
19786,0.26
19805,0.685
19808,0.358333333
19810,0.525
19819,0.24
19821,0.335
19827,0.4125
19830,0.405
19832,0.285
19833,0.3275
19834,0.32
19843,0.295
19844,0.29
19846,0.27
19847,0.25
19849,0.19
19850,0.423
19851,0.445
19861,0.391666667
19864,0.55
19866,0.585
19873,0.475
19878,0.615
19886,0.4
19892,0.66
19893,0.57
19901,0.275
19902,0.53
19920,0.285
19921,0.195
19922,0.14
19929,0.53
19932,0.405
19935,0.39
19936,0.24
19940,0.483
19946,0.508
19950,0.68
19952,0.415
19955,0.575
19970,0.62972619
19976,0.493333333
19983,0.435
19984,0.54
19987,0.175
19991,0.475
19994,0.525
19996,0.32
20007,0.49
20015,0.465
20019,0.28
20021,0.418333333
20023,0.52
20025,0.580083333
20034,0.435
20036,0.285
20038,0.58
20039,0.22
20040,0.345
20045,0.755
20046,0.57
20048,0.17
20060,0.605
20062,0.33
20065,0.6575
20068,0.275
20074,0.50222619
20087,0.515
20097,0.34
20111,0.505
20117,0.22
20125,0.395
20129,0.3225
20134,0.295
20135,0.51
20139,0.44
20142,0.368
20147,0.495
20154,0.335
20157,0.24
20158,0.385
20162,0.68
20169,0.19
20179,0.235
20202,0.44
20207,0.58
20215,0.57
20216,0.54222619
20217,0.575
20218,0.605
20219,0.345
20226,0.545
20236,0.66625
20239,0.465
20246,0.74
20247,0.41
20253,0.45
20255,0.155
20268,0.29
20270,0.583
20271,0.365
20279,0.525
20280,0.405
20282,0.38
20283,0.4725
20295,0.26
20302,0.395
20305,0.585
20306,0.615
20308,0.255
20309,0.28
20311,0.545
20324,0.4725
20330,0.325
20335,0.46
20344,0.22
20349,0.615
20356,0.3
20358,0.5
20360,0.435
20362,0.105
20378,0.255
20391,0.19
20394,0.255
20397,0.521083333
20403,0.205
20405,0.365
20415,0.275
20417,0.4325
20420,0.48
20425,0.611666667
20430,0.369666667
20435,0.5
20443,0.215
20446,0.68
20458,0.415
20459,0.611
20462,0.4695
20467,0.425
20470,0.36
20482,0.78
20489,0.375
20495,0.397916667
20496,0.465
20497,0.5055
20505,0.635
20509,0.481083333
20520,0.34
20522,0.3
20535,0.295
20539,0.465
20544,0.525
20547,0.415
20554,0.15
20556,0.265
20557,0.535
20566,0.15
20568,0.502083333
20575,0.62
20577,0.23
20593,0.355
20596,0.21
20597,0.455
20602,0.49
20603,0.425
20609,0.503
20612,0.6
20618,0.285
20621,0.45
20628,0.15
20634,0.52722619
20637,0.775
20641,0.24
20642,0.33375
20647,0.285
20655,0.355
20656,0.48
20661,0.26
20664,0.453
20674,0.383
20679,0.615
20680,0.69
20683,0.558
20687,0.535
20688,0.685
20693,0.415
20695,0.45
20696,0.5025
20699,0.34
20701,0.205
20702,0.435
20704,0.295
20721,0.645
20725,0.45
20731,0.32
20737,0.48
20741,0.635
20742,0.285
20753,0.48
20756,0.23
20769,0.315
20771,0.255
20774,0.7425
20777,0.565
20781,0.495
20792,0.175
20797,0.59
20808,0.47
20810,0.26
20813,0.19
20820,0.135
20823,0.605
20826,0.635
20829,0.395
20832,0.29
20833,0.525
20837,0.220833333
20838,0.34
20839,0.305
20840,0.265
20847,0.485
20856,0.365
20861,0.335
20863,0.4
20869,0.438333333
20875,0.195
20877,0.47
20889,0.585
20894,0.385
20901,0.375
20919,0.69
20923,0.34
20935,0.325
20937,0.4
20939,0.455
20940,0.725
20943,0.6
20946,0.495
20949,0.155
20950,0.462111111
20958,0.525
20961,0.655
20965,0.51
20967,0.6
20969,0.48625
20970,0.675
20974,0.489
20975,0.385
20987,0.195
20995,0.36
20996,0.405
20998,0.51
21002,0.3
21012,0.4025
21013,0.321333333
21014,0.63
21015,0.595
21017,0.43
21020,0.09
21028,0.54
21031,0.495
21036,0.315
21039,0.545
21040,0.095
21048,0.36
21049,0.395
21051,0.78
21054,0.4
21061,0.75
21070,0.095
21072,0.3
21079,0.43
21088,0.3475
21090,0.435
21091,0.135
21093,0.54
21104,0.355
21114,0.54
21117,0.465
21120,0.175
21121,0.525
21132,0.545
21136,0.425
21139,0.36
21140,0.835
21146,0.245833333
21150,0.205
21164,0.135
21177,0.55722619
21178,0.60222619
21180,0.506083333
21198,0.39
21203,0.535
21210,0.455
21217,0.41375
21218,0.435
21220,0.495
21222,0.59
21228,0.383
21236,0.3325
21239,0.125
21247,0.325
21260,0.555
21265,0.35
21267,0.585
21271,0.55
21279,0.295
21286,0.38
21288,0.34
21294,0.15
21298,0.585
21299,0.335
21300,0.42
21304,0.522833333
21306,0.315
21307,0.405
21309,0.245
21311,0.565
21326,0.66
21331,0.155
21332,0.435
21342,0.4075
21345,0.48
21348,0.358
21353,0.485
21357,0.29
21358,0.56
21369,0.6
21370,0.5
21371,0.670833333
21373,0.05
21385,0.265
21392,0.48
21401,0.348
21403,0.415
21406,0.448
21413,0.473
21414,0.383
21416,0.61222619
21423,0.48
21427,0.725
21442,0.505
21443,0.295
21448,0.16
21452,0.735
21459,0.4275
21463,0.405
21467,0.51
21474,0.225
21484,0.62
21488,0.51
21495,0.23
21498,0.395
21502,0.41
21503,0.71
21510,0.315
21513,0.445
21516,0.537083333
21533,0.498333333
21535,0.34
21539,0.425
21541,0.595
21544,0.57
21554,0.29
21562,0.415
21569,0.4325
21572,0.49
21578,0.265
21579,0.165
21580,0.705
21584,0.155
21589,0.285
21594,0.365
21595,0.325
21598,0.28
21599,0.45
21606,0.605
21623,0.685
21630,0.58472619
21639,0.54
21641,0.39
21645,0.2
21647,0.275
21648,0.322666667
21657,0.37
21671,0.11
21673,0.362416667
21677,0.545
21678,0.555
21688,0.335
21696,0.62
21699,0.605
21700,0.235
21703,0.6
21710,0.416666667
21721,0.525
21727,0.51
21728,0.543333333
21731,0.62
21741,0.48
21743,0.735
21744,0.46
21748,0.19
21750,0.51
21753,0.15
21756,0.55
21763,0.395
21767,0.474166667
21768,0.305
21772,0.485
21774,0.355
21775,0.21
21780,0.44
21786,0.18
21787,0.39
21805,0.19
21828,0.22
21831,0.735
21837,0.51
21842,0.425
21846,0.405
21849,0.28
21856,0.42
21858,0.505
21862,0.5
21864,0.33
21867,0.415
21879,0.24
21881,0.3775
21883,0.535
21885,0.43
21891,0.15
21892,0.455
21902,0.475
21909,0.53
21910,0.535
21914,0.535
21918,0.42
21919,0.205
21922,0.585
21926,0.56
21930,0.685
21931,0.21
21934,0.505
21940,0.28
21945,0.38
21948,0.548059524
21953,0.21
21954,0.7375
21956,0.305
21963,0.385
21970,0.79
21971,0.49
21981,0.51
21984,0.365
21990,0.565
21997,0.29
21999,0.495
22001,0.305
22002,0.275
22010,0.39
22013,0.515
22022,0.295
22024,0.255
22028,0.1
22029,0.405
22042,0.415
22045,0.485
22049,0.265
22050,0.44
22059,0.675
22064,0.23
22067,0.395
22069,0.315
22074,0.45
22082,0.105
22084,0.305
22090,0.595
22096,0.436166667
22100,0.205
22105,0.39
22106,0.265
22119,0.37
22126,0.27
22130,0.37
22152,0.32
22155,0.5
22160,0.62222619
22164,0.18
22170,0.435
22173,0.1375
22177,0.18
22186,0.380166667
22193,0.21
22194,0.38
22195,0.29
22198,0.535
22199,0.405
22206,0.24
22208,0.275
22209,0.699583333
22210,0.635
22217,0.551666667
22220,0.335
22222,0.55222619
22232,0.39
22244,0.36
22245,0.45
22250,0.389583333
22256,0.488
22261,0.437083333
22264,0.495
22270,0.42
22279,0.4325
22280,0.145
22284,0.43
22288,0.545
22293,0.425
22297,0.298
22302,0.42
22307,0.405
22310,0.275
22316,0.725
22319,0.35375
22324,0.49
22326,0.375
22327,0.575
22329,0.235
22331,0.51
22340,0.49
22342,0.46
22347,0.245
22351,0.565
22357,0.11
22358,0.47
22361,0.28
22362,0.459583333
22365,0.285
22371,0.48
22373,0.416666667
22391,0.365
22404,0.35
22409,0.4975
22411,0.615
22424,0.372083333
22428,0.405
22436,0.55
22444,0.468333333
22445,0.41
22451,0.22
22452,0.3
22456,0.305
22463,0.44
22464,0.195
22467,0.405
22472,0.225
22485,0.575083333
22488,0.44
22491,0.365
22497,0.44
22504,0.605
22505,0.52
22508,0.605
22516,0.44
22522,0.475
22527,0.63
22543,0.49
22549,0.3
22550,0.405
22551,0.735
22557,0.43
22562,0.21
22565,0.435
22567,0.375
22572,0.465
22575,0.54
22578,0.27
22579,0.38
22580,0.28
22581,0.25
22591,0.72
22593,0.36
22597,0.515
22600,0.62
22602,0.44
22603,0.36875
22616,0.35
22617,0.305
22622,0.545
22623,0.205
22624,0.435
22628,0.395
22634,0.425
22640,0.37
22641,0.6
22653,0.345
22660,0.415
22672,0.36
22674,0.47
22689,0.685
22694,0.52
22698,0.645
22705,0.53
22709,0.393
22711,0.345
22714,0.585
22715,0.345
22729,0.35625
22730,0.305
22733,0.45
22748,0.415
22750,0.405
22754,0.46
22756,0.3
22758,0.31
22767,0.385
22768,0.435
22769,0.725
22776,0.485
22778,0.405
22780,0.535
22782,0.48
22789,0.4
22797,0.46
22799,0.575
22804,0.64
22814,0.215
22818,0.49
22821,0.384166667
22823,0.445
22831,0.315
22841,0.275
22847,0.37
22848,0.295
22860,0.605
22862,0.59
22869,0.26
22875,0.335
22877,0.53
22887,0.064166667
22892,0.615
22899,0.455
22900,0.53
22901,0.46
22907,0.67
22909,0.395
22916,0.59
22919,0.24
22922,0.52
22926,0.315
22927,0.36
22928,0.39
22930,0.27
22931,0.61
22934,0.305
22937,0.35
22939,0.405
22949,0.57
22951,0.5
22955,0.65
22956,0.465
22965,0.505
22966,0.405
22968,0.44
22972,0.405
22975,0.405
22978,0.565
22981,0.575
22988,0.465
22994,0.11
22996,0.395
22997,0.332
23003,0.44
23011,0.53
23016,0.52
23028,0.405
23029,0.26
23031,0.435
23035,0.135
23038,0.5
23042,0.491666667
23049,0.518
23051,0.405
23053,0.24
23057,0.545
23058,0.44
23063,0.415
23064,0.365
23067,0.37
23071,0.615
23075,0.525
23077,0.491666667
23082,0.2
23090,0.405
23091,0.445
23094,0.395
23097,0.57
23103,0.43
23107,0.39
23117,0.22
23120,0.555
23122,0.42
23124,0.43
23126,0.491666667
23129,0.491666667
23136,0.405
23141,0.295
23142,0.525
23147,0.335
23154,0.5
23159,0.426666667
23162,0.525
23165,0.5
23171,0.505
23173,0.025
23175,0.46
23179,0.505
23182,0.325
23185,0.44
23188,0.425
23189,0.45
23191,0.45
23209,0.555
23214,0.491666667
23215,0.43
23221,0.655
23228,0.405
23233,0.33
23241,0.505
23252,0.314845238
23255,0.405
23257,0.558333333
23263,0.399642857
23267,0.405
23281,0.19
23282,0.265
23289,0.351666667
23292,0.515
23295,0.29
23296,0.305
23297,0.37
23301,0.465
23302,0.435
23304,0.265
23309,0.345
23312,0.505
23316,0.585
23321,0.29
23334,0.525
23342,0.505
23344,0.435
23350,0.34
23351,0.26
23367,0.37
23368,0.495
23374,0.28
23378,0.285
23385,0.335
23387,0.475
23388,0.445
23389,0.405
23399,0.285
23403,0.29
23406,0.575
23408,0.41
23414,0.33
23415,0.525
23419,0.395
23436,0.5
23439,0.395
23444,0.405
23445,0.365
23448,0.235
23450,0.305
23455,0.555
23469,0.19
23472,0.50125
23477,0.15
23478,0.405
23479,0.235
23481,0.545
23487,0.38
23490,0.3
23491,0.5
23492,0.52
23494,0.53
23496,0.375
23497,0.43
23506,0.495
23515,0.485
23528,0.18
23532,0.405
23548,0.625
23549,0.42
23551,0.445
23552,0.63
23555,0.39
23556,0.25
23559,0.555
23564,0.5
23583,0.45
23592,0.35
23597,0.355
23601,0.12
23605,0.395
23615,0.295
23616,0.345
23619,0.465
23621,0.65
23622,0.485
23626,0.515
23635,0.38
23637,0.64
23640,0.38
23644,0.445
23646,0.365
23655,0.425
23672,0.4425
23673,0.495
23682,0.64
23683,0.435
23699,0.135
23702,0.3575
23704,0.45
23706,0.29
23707,0.45
23713,0.395
23714,0.255
23716,0.405
23718,0.445
23721,0.498333333
23727,0.37375
23735,0.37625
23737,0.55
23744,0.44
23749,0.685
23755,0.5475
23769,0.54
23772,0.385
23773,0.135
23774,0.491666667
23779,0.205
23780,0.505
23782,0.491666667
23793,0.45
23795,0.55
23797,0.59
23803,0.395
23815,0.395
23828,0.491666667
23830,0.44
23831,0.3
23833,0.395
23834,0.475
23844,0.255
23845,0.575
23852,0.465
23855,0.405
23857,0.34
23867,0.92
23872,0.505
23874,0.405
23880,0.585
23883,0.44
23886,0.385
23898,0.715
23900,0.25
23903,0.165
23904,0.215
23907,0.55
23908,0.475
23912,0.285
23916,0.295
23917,0.465
23918,0.325
23922,0.515
23928,0.7425
23940,0.45
23944,0.55875
23945,0.605
23947,0.618333333
23951,0.365
23956,0.37
23962,0.395
23966,0.445
23970,0.565
23971,0.545
23976,0.45
23980,0.5
23987,0.491666667
23988,0.415
23993,0.265
23997,0.52
23998,0.435
23999,0.405
24010,0.44
24015,0.491666667
24023,0.51
24026,0.21
24027,0.465
24033,0.51
24046,0.325
24060,0.290416667
24062,0.480416667
24065,0.491666667
24067,0.585
24070,0.405
24071,0.185
24073,0.695
24079,0.4
24082,0.52
24084,0.505
24089,0.465
24094,0.345
24096,0.415
24100,0.275
24105,0.183333333
24106,0.53
24108,0.59
24111,0.5
24117,0.491666667
24120,0.526666667
24125,0.315
24134,0.54
24140,0.565
24151,0.515
24153,0.245
24154,0.405
24156,0.315
24161,0.645
24162,0.655
24165,0.11
24166,0.525
24170,0.491666667
24173,0.49
24176,0.44
24181,0.233333333
24182,0.585
24187,0.055
24188,0.045
24190,0.515
24201,0.44
24211,0.33
24215,0.44
24216,0.54
24219,0.575
24221,0.491666667
24222,0.555
24238,0.4025
24240,0.491666667
24243,0.3475
24245,0.285
24247,0.485
24251,0.38
24256,0.505
24258,0.46
24261,0.235
24263,0.645
24264,0.621666667
24266,0.26
24273,0.3575
24278,0.312
24289,0.45
24292,0.435
24293,0.56
24298,0.395
24299,0.445
24303,0.405
24304,0.565
24305,0.748333333
24323,0.405
24329,0.71
24341,0.175
24345,0.5
24350,0.27
24353,0.495
24358,0.6
24361,0.57
24364,0.355
24367,0.645
24370,0.43
24377,0.185
24380,0.43
24381,0.4725
24387,0.825
24390,0.44
24391,0.23
24408,0.61
24409,0.44
24413,0.47
24416,0.19
24427,0.483
24434,0.28
24439,0.39
24443,0.205
24448,0.415
24454,0.41
24455,0.23
24461,0.245
24463,0.475
24464,0.34
24468,0.336666667
24469,0.33
24499,0.395
24501,0.305
24508,0.61
24517,0.235
24519,0.375
24520,0.405
24538,0.491666667
24540,0.44
24550,0.475
24552,0.735
24561,0.385
24577,0.5
24579,0.445
24580,0.25
24582,0.56
24590,0.125
24591,0.206166667
24592,0.365
24599,0.37
24602,0.585
24606,0.53
24611,0.4
24612,0.612583333
24617,0.495
24619,0.27
24623,0.475
24630,0.08
24633,0.665
24634,0.36
24635,0.185
24638,0.355
24641,0.555
24643,0.47
24644,0.355
24645,0.395
24649,0.54
24650,0.465
24652,0.335
24655,0.34
24656,0.26
24661,0.37
24663,0.325
24667,0.51
24669,0.405
24670,0.405
24682,0.325
24695,0.491666667
24698,0.44
24699,0.705
24702,0.325
24703,0.44
24710,0.3
24717,0.125
24724,0.395
24728,0.31
24731,0.29
24737,0.555
24740,0.359166667
24743,0.17
24744,0.395
24755,0.44
24757,0.35
24761,0.265
24765,0.445
24766,0.435
24776,0.5
24787,0.395
24789,0.476666667
24791,0.1
24792,0.425
24804,0.02
24807,0.37
24812,0.335
24816,0.365
24817,0.473333333
24820,0.40875
24828,0.4875
24831,0.455
24832,0.4125
24836,0.4725
24842,0.45
24846,0.25
24847,0.322083333
24848,0.44
24851,0.38
24855,0.395
24856,0.535
24871,0.44
24873,0.415
24874,0.552690476
24877,0.725
24885,0.7
24889,0.335
24892,0.435
24897,0.64
24899,0.5
24908,0.615
24913,0.37
24918,0.41
24923,0.47
24933,0.225
24936,0.245
24948,0.36
24951,0.41
24969,0.25
24971,0.625
24973,0.44
24993,0.395
24996,0.41
24998,0.405
25000,0.7
25001,0.491666667
25002,0.3
25003,0.44
25009,0.29
25024,0.455
25026,0.34
25027,0.405
25030,0.5225
25034,0.375
25037,0.58
25038,0.52
25043,0.54
25050,0.365416667
25055,0.610416667
25057,0.635
25067,0.365
25072,0.345
25075,0.425
25079,0.54
25081,0.2525
25085,0.61075
25086,0.63
25093,0.575
25097,0.475
25103,0.28
25104,0.533
25109,0.24
25112,0.555
25113,0.31
25114,0.54
25119,0.53
25121,0.49
25122,0.6
25124,0.395
25131,0.185
25134,0.345
25140,0.315
25141,0.625
25144,0.37
25147,0.44
25148,0.535
25149,0.675
25155,0.51
25169,0.4925
25177,0.405
25178,0.395
25179,0.525
25180,0.5
25191,0.491666667
25199,0.735
25232,0.39
25241,0.125
25242,0.425
25243,0.4
25246,0.4725
25259,0.405
25263,0.255
25265,0.6
25278,0.45
25280,0.155
25281,0.38
25284,0.054166667
25286,0.38
25288,0.459583333
25318,0.395
25330,0.491666667
25333,0.27
25337,0.415
25339,0.235
25340,0.405
25346,0.47
25349,0.491666667
25351,0.28
25353,0.46
25361,0.505
25364,0.205
25366,0.4
25368,0.491666667
25369,0.38
25370,0.44
25375,0.095
25376,0.395
25377,0.495
25379,0.576666667
25382,0.491666667
25386,0.44
25389,0.325
25399,0.235
25400,0.61
25401,0.635
25407,0.635
25409,0.635
25412,0.335
25416,0.58
25418,0.325
25423,0.34
25428,0.44
25436,0.615
25439,0.28
25442,0.16
25445,0.395
25446,0.395
25453,0.37
25456,0.491666667
25458,0.491666667
25460,0.495
25461,0.3575
25468,0.3
25469,0.585
25470,0.675
25471,0.33
25475,0.255
25480,0.295
25482,0.695
25501,0.405
25504,0.505
25511,0.125
25515,0.815
25516,0.455
25518,0.36
25528,0.18
25531,0.42
25533,0.37
25543,0.555
25548,0.725
25553,0.295
25564,0.2675
25571,0.565833333
25572,0.491666667
25576,0.43
25577,0.38
25587,0.495
25588,0.34
25591,0.41375
25596,0.425
25598,0.64
25607,0.34
25611,0.565
25617,0.355
25618,0.395
25620,0.28
25621,0.665
25623,0.575
25626,0.395
25628,0.45
25633,0.395
25637,0.635
25644,0.27
25651,0.245
25662,0.53
25663,0.435
25673,0.505
25678,0.54
25685,0.348333333
25688,0.185
25691,0.615
25702,0.587583333
25706,0.37
25707,0.435
25710,0.531666667
25719,0.405
25723,0.369166667
25725,0.4
25731,0.205
25732,0.155
25735,0.405
25740,0.42
25759,0.165
25761,0.47625
25769,0.4
25772,0.14
25774,0.7075
25779,0.5
25781,0.525
25784,0.405
25790,0.491666667
25796,0.32
25803,0.505
25806,0.27
25816,0.363333333
25830,0.595
25847,0.565
25850,0.345
25852,0.455
25856,0.6
25861,0.42
25866,0.25
25867,0.425
25868,0.535
25869,0.49
25877,0.655
25878,0.58
25890,0.44
25898,0.395
25899,0.375
25906,0.491666667
25907,0.491666667
25913,0.525
25915,0.59
25928,0.1
25932,0.531666667
25934,0.491666667
25938,0.69
25939,0.43
25946,0.395
25951,0.405
25959,0.491666667
25961,0.505
25964,0.395
25969,0.485
25978,0.405
25980,0.22
25986,0.335
25992,0.511666667
25998,0.325
26000,0.395
26002,0.6
26006,0.565
26009,0.385
26016,0.595083333
26023,0.398
26038,0.54
26041,0.475
26043,0.535
26050,0.375
26051,0.7
26053,0.38
26057,0.6
26060,0.2
26062,0.435
26064,0.565
26067,0.491666667
26068,0.38
26072,0.435
26074,0.465
26075,0.545
26081,0.395
26108,0.395
26112,0.605
26113,0.5
26115,0.52
26122,0.395
26135,0.235
26136,0.237666667
26139,0.115
26147,0.395
26155,0.24
26162,0.45
26165,0.37
26173,0.458333333
26177,0.405
26179,0.265
26184,0.235
26190,0.74
26204,0.41
26205,0
26212,0.345
26215,0.07
26223,0.23
26227,0.335
26232,0.675
26237,0.59
26243,0.44
26246,0.405
26248,0.395
26249,0.55
26260,0.44
26263,0.29
26267,0.395
26269,0.235
26271,0.5
26273,0.405
26282,0.563333333
26286,0.455
26297,0.36
26306,0.405
26309,0.565
26313,0.292
26319,0.195
26329,0.616607143
26330,0.395
26333,0.055
26337,0.41
26341,0.385
26361,0.492083333
26365,0.58
26366,0.325
26367,0.665
26376,0.41675
26378,0.398
26382,0.625
26386,0.633
26389,0.475
26391,0.51
26400,0.415
26401,0.475
26407,0.41
26415,0.475
26419,0.6
26421,0.395
26422,0.425
26423,0.395
26424,0.635
26441,0.505
26442,0.455
26444,0.495
26446,0.5
26447,0.325
26448,0.415
26451,0.53
26459,0.335
26465,0.48
26466,0.465
26474,0.43
26476,0.446666667
26481,0.57
26487,0.44
26501,0.46
26503,0.315
26513,0.41
26517,0.506
26527,0.395
26534,0.43
26535,0.505
26545,0.375
26550,0.34
26558,0.475
26571,0.395
26572,0.395
26573,0.395
26575,0.61
26578,0.395
26583,0.405
26584,0.405
26590,0.495
26593,0.385
26602,0.325
26606,0.445
26608,0.66
26613,0.44
26615,0.275
26616,0.79
26618,0.645
26619,0.415
26628,0.44
26630,0.436666667
26635,0.405
26645,0.295
26648,0.3825
26651,0.11
26653,0.44
26660,0.285166667
26663,0.321833333
26664,0.495
26665,0.38
26667,0.665
26673,0.349
26675,0.39
26676,0.32975
26677,0.225
26679,0.585
26687,0.59
26689,0.646
26697,0.43
26732,0.27
26737,0.395
26747,0.525
26748,0.51
26749,0.61125
26754,0.491666667
26759,0.475
26760,0.395
26765,0.585
26769,0.505
26771,0.45
26776,0.26
26778,0.21
26780,0.316666667
26783,0.345
26785,0.59
26800,0.125
26804,0.32
26812,0.405
26816,0.425
26823,0.58
26830,0.36
26834,0.395
26836,0.41
26841,0.415
26845,0.605
26849,0.51
26854,0.635
26858,0.595
26860,0.295
26866,0.225
26871,0.505
26873,0.535
26891,0.43
26905,0.48
26907,0.49
26920,0.365
26924,0.525
26930,0.28
26941,0.54
26942,0.349
26944,0.595
26949,0.491666667
26952,0.395
26956,0.33
26973,0.56
26977,0.36875
26989,0.315
26993,0.255
26997,0.425
26999,0.313333333
27013,0.165
27021,0.42
27023,0.285
27025,0.01
27027,0.605
27031,0.44
27032,0.395
27034,0.3925
27036,0.48
27045,0.415
27050,0.42
27051,0.57
27055,0.48
27056,0.58
27057,0.5
27060,0.285
27061,0.395
27066,0.405
27070,0.265
27073,0.256
27077,0.5075
27085,0.515
27086,0.205
27099,0.395
27105,0.491666667
27109,0.56
27125,0.47
27135,0.395
27139,0.23
27140,0.48
27141,0.405
27142,0.205
27144,0.61
27148,0.16
27154,0.36
27160,0.26
27162,0.44
27175,0.29
27176,0.54
27177,0.265
27178,0.52
27197,0.475
27201,0.475
27204,0.205
27205,0.405
27206,0.245
27207,0.335
27208,0.48
27216,0.225
27224,0.365
27230,0.245
27234,0.475
27238,0.425
27241,0.545
27249,0.395
27251,0.64
27252,0.53
27256,0.52
27257,0.52
27263,0.335
27268,0.545
27269,0.34
27271,0.475
27276,0.365
27279,0.425
27288,0.68
27295,0.55
27299,0.405
27302,0.2
27304,0.071
27316,0.3575
27318,0.35
27330,0.545
27333,0.15
27335,0.515
27336,0.415
27339,0.395
27341,0.505
27342,0.25
27345,0.42
27347,0.55
27354,0.26
27361,0.295
27375,0.405
27387,0.491666667
27390,0.45
27392,0.44
27399,0.245
27403,0.315
27410,0.55425
27412,0.405
27413,0.385
27423,0.535
27427,0.48
27429,0.67
27432,0.575
27436,0.33
27437,0.565
27441,0.5
27444,0.5
27445,0.285
27448,0.435
27454,0.545
27455,0.465
27459,0.285
27465,0.515
27468,0.485
27477,0.395
27478,0.625
27479,0.23
27481,0.405
27483,0.4925
27486,0.195
27498,0.43
27505,0.410833333
27507,0.505
27509,0.24
27514,0.245
27517,0.445
27527,0.395
27535,0.435
27544,0.235
27545,0.445
27556,0.335
27563,0.68
27565,0.57
27569,0.69
27584,0.395
27585,0.215
27589,0.32
27592,0.445
27600,0.2
27605,0.295
27608,0.395
27609,0.259333333
27611,0.515
27621,0.325
27626,0.565
27628,0.369666667
27629,0.605
27645,0.395
27651,0.235
27654,0.27
27656,0.491666667
27663,0.5
27667,0.395
27673,0.395
27677,0.31
27678,0.08
27680,0.245
27681,0.44
27684,0.465
27688,0.32
27696,0.275
27705,0.33
27706,0.675
27707,0.491666667
27709,0.42
27720,0.375
27722,0.685
27724,0.63
27733,0.37
27734,0.4
27739,0.41
27746,0.45
27748,0.64
27751,0.61
27755,0.865
27757,0.61
27777,0.525
27783,0.53125
27795,0.605
27805,0.25
27810,0.491666667
27811,0.36
27815,0.44
27820,0.235
27823,0.34
27825,0.3
27830,0.375
27853,0.395
27855,0.37
27856,0.285
27865,0.596833333
27868,0.355
27873,0.425
27883,0.385
27885,0.405
27887,0.505
27890,0.315
27899,0.515
27921,0.355
27924,0.175
27927,0.255
27929,0.095
27932,0.515
27943,0.615
27945,0.64
27952,0.36
27957,0.535
27960,0.245
27966,0.075
27968,0.395
27980,0.37
27984,0.475416667
27993,0.48
27994,0.515
27995,0.58
28002,0.395
28004,0.405
28006,0.32
28015,0.655
28028,0.465
28042,0.491666667
28043,0.635
28055,0.125
28061,0.405
28063,0.285
28077,0.25
28089,0.25
28090,0.405
28093,0.23
28095,0.495
28096,0.63625
28098,0.44
28099,0.39875
28110,0.28
28111,0.461
28115,0.355
28123,0.495
28125,0.835
28126,0.395
28129,0.345
28131,0.385
28139,0.53
28145,0.395
28146,0.417083333
28147,0.225
28153,0.585
28155,0.205
28160,0.465
28166,0.408642857
28167,0.55
28169,0.465
28176,0.275
28181,0.395
28184,0.291666667
28185,0.295
28187,0.515
28189,0.3
28193,0.149166667
28195,0.491666667
28203,0.395
28206,0.68
28209,0.35
28210,0.105
28211,0.305
28216,0.45
28223,0.425
28224,0.589166667
28231,0.495
28234,0.2225
28235,0.56
28248,0.201
28250,0.205
28255,0.445
28266,0.365
28277,0.13
28286,0.56
28288,0.36
28289,0.46
28290,0.36
28296,0.45
28300,0.395
28306,0.36
28307,0.275
28309,0.335
28312,0.255
28323,0.35
28327,0.215
28336,0.215
28345,0.43
28355,0.27
28361,0.225
28362,0.43
28365,0.325
28371,0.405
28374,0.475
28377,0.5525
28380,0.41375
28381,0.4505
28382,0.185
28385,0.543333333
28393,0.395
28394,0.405
28405,0.48
28413,0.304166667
28426,0.491666667
28428,0.31
28429,0.585
28431,0.56
28442,0.445
28445,0.315
28448,0.475
28449,0.52
28457,0.405
28459,0.493333333
28462,0.815
28465,0.585
28470,0.245
28478,0.45
28490,0.505
28492,0.41
28499,0.529166667
28500,0.39875
28504,0.491666667
28506,0.44
28509,0.2775
28513,0.335
28516,0.63125
28519,0.465
28524,0.310833333
28526,0.3
28527,0.315
28528,0.27
28533,0.38
28547,0.35
28548,0.6635
28551,0.28
28563,0.5125
28564,0.406666667
28566,0.465
28568,0.415
28579,0.515
28580,0.15
28589,0.6075
28590,0.44
28606,0.38
28610,0.39
28613,0.5
28615,0.37
28619,0.395
28629,0.308777778
28633,0.385
28635,0.405
28646,0.42
28648,0.585
28651,0.16
28660,0.405
28681,0.5
28683,0.405
28688,0.315
28693,0.657
28696,0.55
28703,0.395
28709,0.255
28712,0.491666667
28718,0.465
28719,0.41
28727,0.33
28730,0.355
28732,0.491666667
28740,0.215
28747,0.395
28752,0.405
28757,0.505
28764,0.67
28765,0.325
28770,0.491666667
28772,0.47
28775,0.435
28783,0.2525
28786,0.43
28796,0.32
28799,0.615
28806,0.535
28807,0.335
28815,0.31
28818,0.38
28820,0.345
28823,0.235
28824,0.46
28831,0.395
28834,0.37
28841,0.76
28845,0.205
28848,0.62
28850,0.37
28871,0.325
28880,0.491666667
28882,0.165
28884,0.595
28904,0.635
28906,0.63
28907,0.425
28919,0.64675
28920,0.635
28928,0.33
28935,0.095
28936,0.205
28945,0.53
28950,0.555
28957,0.491666667
28963,0.135
28974,0.405
28980,0.595
28988,0.408333333
28990,0.285
28999,0.2275
29001,0.51
29004,0.375
29006,0.625
29012,0.185
29018,0.54
29027,0.51
29030,0.24
29032,0.49
29039,0.085
29043,0.325
29052,0.14
29056,0.4175
29060,0.491666667
29064,0.44
29068,0.31
29069,0.28
29074,0.27
29076,0.325
29078,0.115
29081,0.5
29085,0.305
29088,0.5
29091,0.42
29092,0.390416667
29093,0.26
29094,0.165
29108,0.505
29110,0.37
29114,0.529333333
29115,0.285
29118,0.52797619
29125,0.295
29127,0.395
29130,0.685
29140,0.57
29150,0.3
29152,0.47
29153,0.425833333
29155,0.675
29161,0.433
29165,0.33
29167,0.405
29173,0.205
29174,0.685
29180,0.245
29185,0.185
29190,0.15
29192,0.405
29193,0.555
29194,0.455
29199,0.42
29220,0.655
29231,0.27
29234,0.635
29237,0.415
29240,0.26
29247,0.445
29256,0.315
29275,0.535
29278,0.685
29280,0.62
29286,0.425
29288,0.445833333
29305,0.205
29327,0.405
29329,0.6
29331,0.35
29333,0.295
29335,0.39275
29342,0.395
29344,0.52
29352,0.21
29353,0.442916667
29358,0.195
29360,0.52
29362,0.555
29373,0.505
29389,0.435
29392,0.325
29393,0.36
29395,0.635
29401,0.45
29403,0.33
29405,0.515
29410,0.239666667
29420,0.415
29423,0.495
29427,0.583
29429,0.24
29432,0.125
29440,0.45
29447,0.5075
29448,0.08
29452,0.2
29455,0.3865
29461,0.455
29466,0.52
29474,0.7
29476,0.32375
29479,0.49625
29486,0.365
29494,0.23
29497,0.42
29505,0.58
29511,0.44
29516,0.535
29522,0.295
29523,0.39
29524,0.355
29529,0.235
29532,0.425
29533,0.42
29535,0.565
29548,0.54
29551,0.265
29562,0.49
29563,0.635
29574,0.513583333
29575,0.385
29592,0.335
29599,0.575
29601,0.33
29608,0.12
29613,0.566333333
29620,0.195
29630,0.38
29637,0.18
29638,0.475
29643,0.16
29648,0.405
29651,0.335
29657,0.395
29659,0.47
29662,0.325
29663,0.495
29665,0.56
29671,0.495
29699,0.385
29700,0.61
29706,0.423333333
29715,0.688333333
29716,0.7
29717,0.78
29721,0.255
29731,0.56
29732,0.545
29735,0.385
29738,0.4
29739,0.45
29742,0.425
29747,0.373
29749,0.396666667
29754,0.65
29765,0.46
29773,0.621
29777,0.4025
29779,0.295
29783,0.32
29786,0.81
29805,0.313
29808,0.503333333
29811,0.74
29812,0.539166667
29815,0.29
29819,0.356666667
29827,0.505
29833,0.53
29847,0.34
29854,0.56
29856,0.365
29859,0.11
29864,0.355
29865,0.16
29867,0.618333333
29879,0.335
29884,0.645
29885,0.5
29894,0.585
29897,0.49772619
29900,0.57
29910,0.44
29926,0.5425
29928,0.165
29930,0.325
29935,0.445
29942,0.375
29951,0.43
29953,0.43
29962,0.658333333
29968,0.29
29970,0.405
29974,0.225
29980,0.298
29982,0.565
29987,0.185
29993,0.46
30001,0.43
30005,0.715
30015,0.24
30030,0.51
30034,0.36
30041,0.535
30044,0.355
30058,0.12
30061,0.405
30062,0.495
30064,0.565
30065,0.48
30069,0.280833333
30074,0.62
30076,0.51
30080,0.51
30086,0.415
30087,0.415
30092,0.205
30093,0.515
30096,0.394464286
30097,0.44
30098,0.505
30102,0.566666667
30106,0.38
30108,0.45
30110,0.39
30111,0.5
30122,0.485
30128,0.405
30130,0.48
30131,0.33
30132,0.491666667
30135,0.73
30137,0.44
30149,0.325
30157,0.58
30158,0.574166667
30162,0.46
30170,0.385
30174,0.345
30185,0.185
30195,0.395
30196,0.49
30204,0.5
30207,0.491666667
30209,0.57
30212,0.53
30216,0.16
30221,0.11
30225,0.405
30229,0.465
30231,0.415
30232,0.32
30233,0.265
30237,0.393
30239,0.47
30242,0.538
30244,0.295
30249,0.435
30262,0.31
30265,0.335
30266,0.575
30281,0.395
30286,0.18
30292,0.18
30303,0.39
30320,0.498333333
30321,0.585
30322,0.63
30328,0.45
30355,0.24
30356,0.43
30372,0.315
30375,0.435
30376,0.595
30379,0.58
30384,0.525
30386,0.382
30387,0.480666667
30394,0.45
30395,0.49
30396,0.205
30397,0.27
30402,0.4
30405,0.665
30411,0.395
30413,0.46
30416,0.485
30420,0.75
30422,0.315
30432,0.445
30434,0.225
30438,0.69
30444,0.26
30446,0.665
30447,0.52
30455,0.21
30457,0.53
30459,0.065
30463,0.545
30468,0.295
30477,0.4525
30478,0.64
30481,0.785
30482,0.39
30487,0.505
30491,0.815
30492,0.3225
30496,0.395
30501,0.32
30506,0.455
30511,0.19
30513,0.5
30516,0.49
30520,0.245
30531,0.35625
30542,0.44
30543,0.495
30555,0.255
30557,0.52
30568,0.55
30570,0.5
30581,0.348
30584,0.245
30591,0.474
30594,0.44
30614,0.3
30617,0.645
30618,0.45
30626,0.315
30630,0.21
30631,0.27
30632,0.371666667
30634,0.315
30636,0.41
30637,0.47
30639,0.68
30647,0.5625
30649,0.445
30656,0.42
30660,0.48
30665,0.35
30669,0.355
30680,0.44
30681,0.44
30682,0.29
30683,0.461666667
30687,0.636666667
30688,0.4775
30694,0.505
